"";"species";"g";"ntraits";"d";"pop";"dims";"ndims";"traitgroups";"emean";"emin";"emax";"cmean";"div";"edelta";"cdelta";"theta"
"1";"Lobelia_siphilitica";"Lobelia siphilitica: CERA";6;"Lobelia siphilitica: Caruso et al 2003 field";"CERA";"coun+line";2;"flo";1,07883405207783;0,01308417628497;4,64979600049391;0,136530972821206;21,9635651959431;2,95236403912091;0,513935974932862;41,5693868382823
"2";"Lobelia_siphilitica";"Lobelia siphilitica: CERA";6;"Lobelia siphilitica: Caruso et al 2003 field";"Krumm";"coun+line";2;"flo";1,07883405207783;0,01308417628497;4,64979600049391;0,136530972821206;41,0377687467289;3,61147931277614;0,490552161017894;31,1995120215104
"3";"Lobelia_siphilitica";"Lobelia siphilitica: CERA";6;"Lobelia siphilitica: Caruso et al 2003 field";"Reichelt";"coun+line";2;"flo";1,07883405207783;0,01308417628497;4,64979600049391;0,136530972821206;31,4365292598065;2,81153061042644;0,601354037309756;43,8204802530672
"4";"Lobelia_siphilitica";"Lobelia siphilitica: CERA";5;"Lobelia siphilitica: Caruso 2012 greenhouse";"CD1";"coun+line";2;"flo";1,25687948298448;0,182561873208328;4,59301342786284;0,417550035764215;9,84560532744929;4,35139177289466;2,59248100193186;13,889623082444
"5";"Lobelia_siphilitica";"Lobelia siphilitica: CERA";5;"Lobelia siphilitica: Caruso 2012 greenhouse";"CD2";"coun+line";2;"flo";1,25687948298448;0,182561873208328;4,59301342786284;0,417550035764215;11,6951975696539;3,32814501072816;1,23011582802291;33,9791188587669
"6";"Lobelia_siphilitica";"Lobelia siphilitica: CERA";5;"Lobelia siphilitica: Caruso 2012 greenhouse";"CERA";"coun+line";2;"flo";1,25687948298448;0,182561873208328;4,59301342786284;0,417550035764215;15,5072053979577;4,06746065964286;2,08845564493454;21,5567198085645
"7";"Lobelia_siphilitica";"Lobelia siphilitica: CERA";5;"Lobelia siphilitica: Caruso 2012 greenhouse";"H2";"coun+line";2;"flo";1,25687948298448;0,182561873208328;4,59301342786284;0,417550035764215;15,3054007831042;3,3245594590244;1,27697732871982;34,6588167234153
"8";"Lobelia_siphilitica";"Lobelia siphilitica: CERA";5;"Lobelia siphilitica: Caruso 2012 greenhouse";"M1";"coun+line";2;"flo";1,25687948298448;0,182561873208328;4,59301342786284;0,417550035764215;13,9103228717804;3,24605994237239;1,24433108776794;36,0909586991562
"9";"Lobelia_siphilitica";"Lobelia siphilitica: CERA";5;"Lobelia siphilitica: Caruso 2012 greenhouse";"O";"coun+line";2;"flo";1,25687948298448;0,182561873208328;4,59301342786284;0,417550035764215;23,4129302047976;2,53266908692658;0,873623943043435;46,4908837650492
"10";"Lobelia_siphilitica";"Lobelia siphilitica: CERA";5;"Lobelia siphilitica: Caruso 2012 greenhouse";"PV1";"coun+line";2;"flo";1,25687948298448;0,182561873208328;4,59301342786284;0,417550035764215;15,5977378405898;1,57742971906506;0,603254109008821;60,0772661802633
"11";"Lobelia_siphilitica";"Lobelia siphilitica: CERA";5;"Lobelia siphilitica: Caruso 2012 greenhouse";"RH";"coun+line";2;"flo";1,25687948298448;0,182561873208328;4,59301342786284;0,417550035764215;21,8870816807739;1,10705029701034;0,691819868802;72,2338849365599
"12";"Lobelia_siphilitica";"Lobelia siphilitica: CERA";5;"Lobelia siphilitica: Caruso 2012 greenhouse";"Wa";"coun+line";2;"flo";1,25687948298448;0,182561873208328;4,59301342786284;0,417550035764215;21,3568926741751;2,41676953359398;0,842528988672996;48,3441417874261
"13";"Lobelia_siphilitica";"Lobelia siphilitica: CERA";5;"Lobelia siphilitica: Caruso 2012 greenhouse";"Y";"coun+line";2;"flo";1,25687948298448;0,182561873208328;4,59301342786284;0,417550035764215;18,5479443566276;0,841662878746119;0,554012482338599;78,3955767549925
"14";"Lobelia_siphilitica";"Lobelia siphilitica: Krumm";6;"Lobelia siphilitica: Caruso et al 2003 field";"CERA";"coun+line";2;"flo";1,55001564139243;0,0654838237619336;6,15726951344138;0,394028558497066;20,2502946857193;4,47148641072803;1,70022878762976;36,1131962292475
"15";"Lobelia_siphilitica";"Lobelia siphilitica: Krumm";6;"Lobelia siphilitica: Caruso et al 2003 field";"Krumm";"coun+line";2;"flo";1,55001564139243;0,0654838237619336;6,15726951344138;0,394028558497066;41,19268160446;5,18072056899611;2,27598776533865;26,5804805879525
"16";"Lobelia_siphilitica";"Lobelia siphilitica: Krumm";6;"Lobelia siphilitica: Caruso et al 2003 field";"Reichelt";"coun+line";2;"flo";1,55001564139243;0,0654838237619336;6,15726951344138;0,394028558497066;29,2947937280154;4,2546741664548;1,82384331645607;39,4135583180098
"17";"Lobelia_siphilitica";"Lobelia siphilitica: Krumm";5;"Lobelia siphilitica: Caruso 2012 greenhouse";"CD1";"coun+line";2;"flo";1,81423534833167;0,264421485131365;6,14619642840186;0,660890478811609;8,64523613406643;5,97642239831825;4,2902442010768;10,0914207174113
"18";"Lobelia_siphilitica";"Lobelia siphilitica: Krumm";5;"Lobelia siphilitica: Caruso 2012 greenhouse";"CD2";"coun+line";2;"flo";1,81423534833167;0,264421485131365;6,14619642840186;0,660890478811609;8,68703881370401;5,34437207018335;3,00554334909183;23,5921278309966
"19";"Lobelia_siphilitica";"Lobelia siphilitica: Krumm";5;"Lobelia siphilitica: Caruso 2012 greenhouse";"CERA";"coun+line";2;"flo";1,81423534833167;0,264421485131365;6,14619642840186;0,660890478811609;13,6500518236453;5,68842107903025;3,12384329883828;17,2763629787384
"20";"Lobelia_siphilitica";"Lobelia siphilitica: Krumm";5;"Lobelia siphilitica: Caruso 2012 greenhouse";"H2";"coun+line";2;"flo";1,81423534833167;0,264421485131365;6,14619642840186;0,660890478811609;12,4800971737877;5,07236126388252;2,18671637818853;27,9080373474369
"21";"Lobelia_siphilitica";"Lobelia siphilitica: Krumm";5;"Lobelia siphilitica: Caruso 2012 greenhouse";"M1";"coun+line";2;"flo";1,81423534833167;0,264421485131365;6,14619642840186;0,660890478811609;11,406686157393;4,88879119936623;1,6622442332397;29,9005478557743
"22";"Lobelia_siphilitica";"Lobelia siphilitica: Krumm";5;"Lobelia siphilitica: Caruso 2012 greenhouse";"O";"coun+line";2;"flo";1,81423534833167;0,264421485131365;6,14619642840186;0,660890478811609;19,9873392593956;3,86947288771894;1,15733724448902;42,544187421291
"23";"Lobelia_siphilitica";"Lobelia siphilitica: Krumm";5;"Lobelia siphilitica: Caruso 2012 greenhouse";"PV1";"coun+line";2;"flo";1,81423534833167;0,264421485131365;6,14619642840186;0,660890478811609;12,7052945667333;2,61069313539418;0,933707819949814;57,3413359439465
"24";"Lobelia_siphilitica";"Lobelia siphilitica: Krumm";5;"Lobelia siphilitica: Caruso 2012 greenhouse";"RH";"coun+line";2;"flo";1,81423534833167;0,264421485131365;6,14619642840186;0,660890478811609;19,0036268071915;1,91017870941186;0,964269251701373;71,7256518536527
"25";"Lobelia_siphilitica";"Lobelia siphilitica: Krumm";5;"Lobelia siphilitica: Caruso 2012 greenhouse";"Wa";"coun+line";2;"flo";1,81423534833167;0,264421485131365;6,14619642840186;0,660890478811609;17,778078118039;3,69064014520767;1,00535952201979;44,2847156790483
"26";"Lobelia_siphilitica";"Lobelia siphilitica: Krumm";5;"Lobelia siphilitica: Caruso 2012 greenhouse";"Y";"coun+line";2;"flo";1,81423534833167;0,264421485131365;6,14619642840186;0,660890478811609;15,3196458757994;1,44172866439203;0,698233808962487;79,1608805629477
"27";"Aquilegia_canadensis";"Aquilegia canadensis: QFP1";3;"Aquilegia canadensis: Herlihy and Eckert 2007 field";"QCA2";"line";1;"flo";9,44152860652545;0,137952179906761;27,2503053438889;0,640992599878476;10,2563952871718;26,5783837176235;15,8316213933411;9,19493910844374
"28";"Aquilegia_canadensis";"Aquilegia canadensis: QFP1";3;"Aquilegia canadensis: Herlihy and Eckert 2007 field";"QLL3";"line";1;"flo";9,44152860652545;0,137952179906761;27,2503053438889;0,640992599878476;18,143328406696;26,969593504795;14,8630340944266;5,9013628445814
"29";"Aquilegia_canadensis";"Aquilegia canadensis: QFP1";3;"Aquilegia canadensis: Herlihy and Eckert 2007 field";"QMT1";"line";1;"flo";9,44152860652545;0,137952179906761;27,2503053438889;0,640992599878476;9,84696340521226;27,1158306830954;17,3421707223553;4,06816866075567
"30";"Aquilegia_canadensis";"Aquilegia canadensis: QFP1";3;"Aquilegia canadensis: Herlihy and Eckert 2007 field";"QOR1";"line";1;"flo";9,44152860652545;0,137952179906761;27,2503053438889;0,640992599878476;3,04296596608738;24,8557815933595;7,29359037509555;17,5540499595537
"31";"Aquilegia_canadensis";"Aquilegia canadensis: QFP1";3;"Aquilegia canadensis: Bartkowska et al. 2018 field";"QBED1";"line";1;"flo";9,44152860652545;0,137952179906761;27,2503053438889;0,640992599878476;8,57769650159228;9,57928862262893;0,211087921193403;53,835177584691
"32";"Aquilegia_canadensis";"Aquilegia canadensis: QFP1";3;"Aquilegia canadensis: Bartkowska et al. 2018 field";"QBED2";"line";1;"flo";9,44152860652545;0,137952179906761;27,2503053438889;0,640992599878476;6,34285426539579;0,50185312918368;0,150636020830477;84,0104923358371
"33";"Aquilegia_canadensis";"Aquilegia canadensis: QFP1";3;"Aquilegia canadensis: Bartkowska et al. 2018 field";"QLL1";"line";1;"flo";9,44152860652545;0,137952179906761;27,2503053438889;0,640992599878476;11,9071948976775;18,6261444411387;0,434826701191737;34,3419158744878
"34";"Aquilegia_canadensis";"Aquilegia canadensis: QFP1";3;"Aquilegia canadensis: Bartkowska et al. 2018 field";"QLL3";"line";1;"flo";9,44152860652545;0,137952179906761;27,2503053438889;0,640992599878476;11,1401129976823;15,136924304029;0,338329552359171;42,0314063435083
"35";"Aquilegia_canadensis";"Aquilegia canadensis: QFP1";3;"Aquilegia canadensis: Bartkowska et al. 2018 field";"QRL1";"line";1;"flo";9,44152860652545;0,137952179906761;27,2503053438889;0,640992599878476;12,2675236871927;24,2757055076977;1,24607369359694;19,3550031161746
"36";"Aquilegia_canadensis";"Aquilegia canadensis: QFP1";3;"Aquilegia canadensis: Bartkowska et al. 2018 field";"QRL2";"line";1;"flo";9,44152860652545;0,137952179906761;27,2503053438889;0,640992599878476;6,96838826170101;11,309676547111;0,239798456850516;50,0960528532175
"37";"Aquilegia_canadensis";"Aquilegia canadensis: QFP1";3;"Aquilegia canadensis: Bartkowska et al. 2018 field";"QTUR";"line";1;"flo";9,44152860652545;0,137952179906761;27,2503053438889;0,640992599878476;11,425334476092;17,0829804767758;0,428785854662399;37,8810527249266
"38";"Aquilegia_canadensis";"Aquilegia canadensis: QLL3";3;"Aquilegia canadensis: Herlihy and Eckert 2007 field";"QCA2";"line";1;"flo";4,17939468086101;0,129106830860361;11,8800654561414;0,497282303002381;26,8875399894683;11,7926523943728;10,1751719953085;5,03405750131337
"39";"Aquilegia_canadensis";"Aquilegia canadensis: QLL3";3;"Aquilegia canadensis: Herlihy and Eckert 2007 field";"QFP1";"line";1;"flo";4,17939468086101;0,129106830860361;11,8800654561414;0,497282303002381;16,6302392175507;11,8614644428152;10,3909524960115;2,28046155158775
"40";"Aquilegia_canadensis";"Aquilegia canadensis: QLL3";3;"Aquilegia canadensis: Herlihy and Eckert 2007 field";"QMT1";"line";1;"flo";4,17939468086101;0,129106830860361;11,8800654561414;0,497282303002381;26,1915030879557;11,8621798159199;10,5929985632202;2,24227952611363
"41";"Aquilegia_canadensis";"Aquilegia canadensis: QLL3";3;"Aquilegia canadensis: Herlihy and Eckert 2007 field";"QOR1";"line";1;"flo";4,17939468086101;0,129106830860361;11,8800654561414;0,497282303002381;19,4486461795728;11,8450999617179;10,8167051513689;3,1730768044411
"42";"Aquilegia_canadensis";"Aquilegia canadensis: QLL3";3;"Aquilegia canadensis: Bartkowska et al. 2018 field";"QBED1";"line";1;"flo";4,17939468086101;0,129106830860361;11,8800654561414;0,497282303002381;18,5283298315093;9,86532627671301;0,718937944308282;24,4638460093392
"43";"Aquilegia_canadensis";"Aquilegia canadensis: QLL3";3;"Aquilegia canadensis: Bartkowska et al. 2018 field";"QBED2";"line";1;"flo";4,17939468086101;0,129106830860361;11,8800654561414;0,497282303002381;21,62391282072;10,6655081436779;1,15527520595384;18,7592538738207
"44";"Aquilegia_canadensis";"Aquilegia canadensis: QLL3";3;"Aquilegia canadensis: Bartkowska et al. 2018 field";"QLL1";"line";1;"flo";4,17939468086101;0,129106830860361;11,8800654561414;0,497282303002381;15,2544358903472;8,96227356580858;0,510296545229128;29,8983976962814
"45";"Aquilegia_canadensis";"Aquilegia canadensis: QLL3";3;"Aquilegia canadensis: Bartkowska et al. 2018 field";"QLL3";"line";1;"flo";4,17939468086101;0,129106830860361;11,8800654561414;0,497282303002381;17,6295923778889;9,53075983523203;0,643427812163917;26,5865212756698
"46";"Aquilegia_canadensis";"Aquilegia canadensis: QLL3";3;"Aquilegia canadensis: Bartkowska et al. 2018 field";"QRL1";"line";1;"flo";4,17939468086101;0,129106830860361;11,8800654561414;0,497282303002381;12,1330378560703;9,22049071223818;0,566359885384999;28,4293824214092
"47";"Aquilegia_canadensis";"Aquilegia canadensis: QLL3";3;"Aquilegia canadensis: Bartkowska et al. 2018 field";"QRL2";"line";1;"flo";4,17939468086101;0,129106830860361;11,8800654561414;0,497282303002381;17,6418546764053;10,784495273483;1,25644142972617;17,7801453024009
"48";"Aquilegia_canadensis";"Aquilegia canadensis: QLL3";3;"Aquilegia canadensis: Bartkowska et al. 2018 field";"QTUR";"line";1;"flo";4,17939468086101;0,129106830860361;11,8800654561414;0,497282303002381;27,1724764356943;11,3552496891933;2,38303263276218;12,206124546057
"49";"Ipomopsis_aggregata";"Ipomopsis aggregata: Vera Falls";4;"Ipomopsis aggregata: Caruso 2000 field";"C_+_1_2";"line+mass+rati";3;"flo";0,851948972762975;0,0704301135373316;2,06685516906722;0,319126612766641;9,53593018061429;0,773839742031401;0,262024566734032;61,7367163367515
"50";"Ipomopsis_aggregata";"Ipomopsis aggregata: Vera Falls";4;"Ipomopsis aggregata: Caruso 2000 field";"C_+_I_1";"line+mass+rati";3;"flo";0,851948972762975;0,0704301135373316;2,06685516906722;0,319126612766641;19,3776554130432;1,01884467104369;0,295540009826889;59,7552359400715
"51";"Ipomopsis_aggregata";"Ipomopsis aggregata: Vera Falls";4;"Ipomopsis aggregata: Caruso 2000 field";"C_+_I_3";"line+mass+rati";3;"flo";0,851948972762975;0,0704301135373316;2,06685516906722;0,319126612766641;22,1862841610415;0,826010615596084;0,225349132356172;66,0614584088197
"52";"Ipomopsis_aggregata";"Ipomopsis aggregata: Vera Falls";4;"Ipomopsis aggregata: Caruso 2000 field";"I_only_1";"line+mass+rati";3;"flo";0,851948972762975;0,0704301135373316;2,06685516906722;0,319126612766641;30,4753170812941;1,22909061916501;0,462011941048306;50,5027463280079
"53";"Ipomopsis_aggregata";"Ipomopsis aggregata: Vera Falls";4;"Ipomopsis aggregata: Caruso 2000 field";"I_only_2";"line+mass+rati";3;"flo";0,851948972762975;0,0704301135373316;2,06685516906722;0,319126612766641;18,8625524848841;0,666027963069934;0,240085882239844;81,320341594171
"54";"Ipomopsis_aggregata";"Ipomopsis aggregata: Vera Falls";4;"Ipomopsis aggregata: Caruso 2000 field";"I_only_3";"line+mass+rati";3;"flo";0,851948972762975;0,0704301135373316;2,06685516906722;0,319126612766641;20,5460400674528;0,623803724815441;0,18512520403141;78,2732166343769
"55";"Ipomopsis_aggregata";"Ipomopsis aggregata: Vera Falls";4;"Ipomopsis aggregata: Caruso 2000 field";"I_only_4";"line+mass+rati";3;"flo";0,851948972762975;0,0704301135373316;2,06685516906722;0,319126612766641;17,4991760317485;1,41751786821954;0,503217263395578;39,5444393790264
"56";"Ipomopsis_aggregata";"Ipomopsis aggregata: Vera Falls";3;"Ipomopsis aggregata: Caruso 2001 field";"NP1";"line+mass";2;"flo";0,807043074795079;0,0991634754091727;2,06336111425085;0,292927867902658;32,1247420121947;0,621542997553136;0,134397877452898;59,0433452065057
"57";"Ipomopsis_aggregata";"Ipomopsis aggregata: Vera Falls";3;"Ipomopsis aggregata: Caruso 2001 field";"NP2";"line+mass";2;"flo";0,807043074795079;0,0991634754091727;2,06336111425085;0,292927867902658;34,0898543930984;0,754200482788172;0,14908214646602;54,8853042142429
"58";"Ipomopsis_aggregata";"Ipomopsis aggregata: Vera Falls";3;"Ipomopsis aggregata: Caruso 2001 field";"NP3";"line+mass";2;"flo";0,807043074795079;0,0991634754091727;2,06336111425085;0,292927867902658;40,368791308958;1,18737175898763;0,213202310227525;41,9636918182029
"59";"Ipomopsis_aggregata";"Ipomopsis aggregata: Vera Falls";3;"Ipomopsis aggregata: Caruso 2001 field";"PEN1";"line+mass";2;"flo";0,807043074795079;0,0991634754091727;2,06336111425085;0,292927867902658;37,8875503373546;1,2338642420174;0,220878189626648;40,5402647139822
"60";"Ipomopsis_aggregata";"Ipomopsis aggregata: Vera Falls";3;"Ipomopsis aggregata: Caruso 2001 field";"PEN2";"line+mass";2;"flo";0,807043074795079;0,0991634754091727;2,06336111425085;0,292927867902658;32,1148564259856;0,807918060091586;0,151250462070192;53,0880853875656
"61";"Ipomopsis_aggregata";"Ipomopsis aggregata: Vera Falls";3;"Ipomopsis aggregata: Campbell et al 2018 field";"K_2015_2016";"line";1;"flo";0,163136292336516;0,0120967001774591;0,333141283417909;0,0598147647799855;7,85391720955287;0,145934814462679;0,0586676335430381;70,9533771133095
"62";"Ipomopsis_aggregata";"Ipomopsis aggregata: Vera Falls";3;"Ipomopsis aggregata: Campbell et al 2018 field";"L_2015_2016";"line";1;"flo";0,163136292336516;0,0120967001774591;0,333141283417909;0,0598147647799855;4,89698456971682;0,244866534446916;0,143091972059037;41,9320571335635
"63";"Ipomopsis_aggregata";"Ipomopsis aggregata: Vera Falls";4;"Ipomopsis aggregata: Campbell unpublished 2019 field";"Maxfield";"line+mass";2;"flo";0,63597179450631;0,0092289117036314;2,06346765002911;0,0686872437306165;1,76262696696501;0,188967388799262;0,12873809791222;81,402152015522
"64";"Ipomopsis_aggregata";"Ipomopsis aggregata: Vera Falls";4;"Ipomopsis aggregata: Campbell unpublished 2019 field";"Poverty_Gulch_L";"line+mass";2;"flo";0,63597179450631;0,0092289117036314;2,06346765002911;0,0686872437306165;7,24174343267705;0,751848101086414;0,236071832345913;57,1974848586945
"65";"Ipomopsis_aggregata";"Ipomopsis aggregata: Vera Falls";4;"Ipomopsis aggregata: Campbell unpublished 2019 field";"Vera_Falls";"line+mass";2;"flo";0,63597179450631;0,0092289117036314;2,06346765002911;0,0686872437306165;7,05097272907316;0,665549901122949;0,187416693317046;59,3031007793602
"66";"Brassica_cretica";"Brassica cretica: Go";7;"Brassica cretica: Widen et al 2002 greenhouse";"Ma";"coun+line+rati";3;"flo+lif+veg";1,5080725361884;0,0318101534122785;5,20358380952117;0,198818753343545;37,1818200907855;2,03493698600657;0,478554764206023;74,3540853113524
"67";"Brassica_cretica";"Brassica cretica: Go";7;"Brassica cretica: Widen et al 2002 greenhouse";"Mk";"coun+line+rati";3;"flo+lif+veg";1,5080725361884;0,0318101534122785;5,20358380952117;0,198818753343545;25,0404046466347;2,33467626185938;0,0740749830386429;49,5244414465937
"68";"Brassica_cretica";"Brassica cretica: Go";7;"Brassica cretica: Widen et al 2002 greenhouse";"Ro";"coun+line+rati";3;"flo+lif+veg";1,5080725361884;0,0318101534122785;5,20358380952117;0,198818753343545;19,3498104723988;2,33328197611893;0,898536844520804;67,8318459633747
"69";"Brassica_cretica";"Brassica cretica: Go";7;"Brassica cretica: Widen et al 2002 greenhouse";"To";"coun+line+rati";3;"flo+lif+veg";1,5080725361884;0,0318101534122785;5,20358380952117;0,198818753343545;23,9216867186492;4,00938620968066;0,303532109435822;30,6438569260477
"70";"Brassica_cretica";"Brassica cretica: Ma";7;"Brassica cretica: Widen et al 2002 greenhouse";"Go";"coun+line+rati";3;"flo+lif+veg";5,836713326978;0,0480706054297149;20,0392731610668;0,519863832928926;47,9281552456244;12,1414642752358;3,5879736607953;59,1997988825995
"71";"Brassica_cretica";"Brassica cretica: Ma";7;"Brassica cretica: Widen et al 2002 greenhouse";"Mk";"coun+line+rati";3;"flo+lif+veg";5,836713326978;0,0480706054297149;20,0392731610668;0,519863832928926;36,8545156478253;15,4286475193148;7,83036056875594;41,7218995023342
"72";"Brassica_cretica";"Brassica cretica: Ma";7;"Brassica cretica: Widen et al 2002 greenhouse";"Ro";"coun+line+rati";3;"flo+lif+veg";5,836713326978;0,0480706054297149;20,0392731610668;0,519863832928926;33,6103524045103;14,8763357715064;7,60860364526916;41,0181151737052
"73";"Brassica_cretica";"Brassica cretica: Ma";7;"Brassica cretica: Widen et al 2002 greenhouse";"To";"coun+line+rati";3;"flo+lif+veg";5,836713326978;0,0480706054297149;20,0392731610668;0,519863832928926;52,8949573746047;15,2353377937237;1,99678333625627;37,1081353939021
"74";"Brassica_cretica";"Brassica cretica: Mk";7;"Brassica cretica: Widen et al 2002 greenhouse";"Go";"coun+line+rati";3;"flo+lif+veg";6,45301193675594;0,185331063415553;25,0267607882364;0,739217383126372;32,539811893437;5,00131492343827;1,48080753360348;68,519463481499
"75";"Brassica_cretica";"Brassica cretica: Mk";7;"Brassica cretica: Widen et al 2002 greenhouse";"Ma";"coun+line+rati";3;"flo+lif+veg";6,45301193675594;0,185331063415553;25,0267607882364;0,739217383126372;45,7077014038537;10,0456875272813;3,31612495330109;69,2026020717837
"76";"Brassica_cretica";"Brassica cretica: Mk";7;"Brassica cretica: Widen et al 2002 greenhouse";"Ro";"coun+line+rati";3;"flo+lif+veg";6,45301193675594;0,185331063415553;25,0267607882364;0,739217383126372;26,6169087443948;2,32767035940798;0,957154518016611;79,8075990146074
"77";"Brassica_cretica";"Brassica cretica: Mk";7;"Brassica cretica: Widen et al 2002 greenhouse";"To";"coun+line+rati";3;"flo+lif+veg";6,45301193675594;0,185331063415553;25,0267607882364;0,739217383126372;26,9247290618795;4,7187629590155;1,42269495130966;76,0952229548893
"78";"Brassica_cretica";"Brassica cretica: Ro";7;"Brassica cretica: Widen et al 2002 greenhouse";"Go";"coun+line+rati";3;"flo+lif+veg";3,63987362773347;0,0667507630778774;12,6795387547537;0,480242548411491;21,4526419990823;10,0378788761453;3,7399444439029;31,6717438192894
"79";"Brassica_cretica";"Brassica cretica: Ro";7;"Brassica cretica: Widen et al 2002 greenhouse";"Ma";"coun+line+rati";3;"flo+lif+veg";3,63987362773347;0,0667507630778774;12,6795387547537;0,480242548411491;34,0184442342646;3,12880765355635;0,69251644529315;87,1633686167396
"80";"Brassica_cretica";"Brassica cretica: Ro";7;"Brassica cretica: Widen et al 2002 greenhouse";"Mk";"coun+line+rati";3;"flo+lif+veg";3,63987362773347;0,0667507630778774;12,6795387547537;0,480242548411491;22,1900804463268;3,77960766071915;0,795010929325658;64,7042695607633
"81";"Brassica_cretica";"Brassica cretica: Ro";7;"Brassica cretica: Widen et al 2002 greenhouse";"To";"coun+line+rati";3;"flo+lif+veg";3,63987362773347;0,0667507630778774;12,6795387547537;0,480242548411491;18,7909093150983;2,79273469940905;0,329122895629635;78,6861311303918
"82";"Brassica_cretica";"Brassica cretica: To";7;"Brassica cretica: Widen et al 2002 greenhouse";"Go";"coun+line+rati";3;"flo+lif+veg";4,96674578621878;0,212179601556811;22,1475404381237;0,960727611725768;20,6710513225674;12,7831422695117;4,03419893465989;45,5215721989788
"83";"Brassica_cretica";"Brassica cretica: To";7;"Brassica cretica: Widen et al 2002 greenhouse";"Ma";"coun+line+rati";3;"flo+lif+veg";4,96674578621878;0,212179601556811;22,1475404381237;0,960727611725768;55,7661400112992;5,33501650425155;2,34840371520272;70,2336768877336
"84";"Brassica_cretica";"Brassica cretica: To";7;"Brassica cretica: Widen et al 2002 greenhouse";"Mk";"coun+line+rati";3;"flo+lif+veg";4,96674578621878;0,212179601556811;22,1475404381237;0,960727611725768;29,5793100995696;2,03599144442598;0,866867735786696;78,7368958635865
"85";"Brassica_cretica";"Brassica cretica: To";7;"Brassica cretica: Widen et al 2002 greenhouse";"Ro";"coun+line+rati";3;"flo+lif+veg";4,96674578621878;0,212179601556811;22,1475404381237;0,960727611725768;17,8192923989345;3,54992150012037;1,70196511575691;84,418814886367
"86";"Turnera_ulmifolia";"Turnera ulmifolia: A20";3;"Turnera ulmifolia: Barrett and Shore 1987 greenhouse";"A10";"line";1;"flo";0,304114163056893;0,135629965523597;0,487777239181495;0,271245662465775;6,6573610275956;0,485692290915099;0,480392997977295;4,4132623249511
"87";"Turnera_ulmifolia";"Turnera ulmifolia: A20";3;"Turnera ulmifolia: Barrett and Shore 1987 greenhouse";"A11";"line";1;"flo";0,304114163056893;0,135629965523597;0,487777239181495;0,271245662465775;24,5019019529829;0,4452957780259;0,424438505080333;27,4440246469012
"88";"Turnera_ulmifolia";"Turnera ulmifolia: A20";3;"Turnera ulmifolia: Barrett and Shore 1987 greenhouse";"A12";"line";1;"flo";0,304114163056893;0,135629965523597;0,487777239181495;0,271245662465775;14,6838851747562;0,480976435181086;0,468191449149718;8,90516386711463
"89";"Turnera_ulmifolia";"Turnera ulmifolia: A20";3;"Turnera ulmifolia: Barrett and Shore 1987 greenhouse";"A13";"line";1;"flo";0,304114163056893;0,135629965523597;0,487777239181495;0,271245662465775;11,6455535170171;0,418530099070317;0,386951655538498;35,4599357989362
"90";"Turnera_ulmifolia";"Turnera ulmifolia: A20";3;"Turnera ulmifolia: Barrett and Shore 1987 greenhouse";"A4";"line";1;"flo";0,304114163056893;0,135629965523597;0,487777239181495;0,271245662465775;17,8575479792039;0,376210520212704;0,283376959437169;37,6724836562466
"91";"Turnera_ulmifolia";"Turnera ulmifolia: A20";3;"Turnera ulmifolia: Barrett and Shore 1987 greenhouse";"A5";"line";1;"flo";0,304114163056893;0,135629965523597;0,487777239181495;0,271245662465775;16,9732921520193;0,383094244120494;0,336651850790921;43,7388697690006
"92";"Turnera_ulmifolia";"Turnera ulmifolia: A20";3;"Turnera ulmifolia: Barrett and Shore 1987 greenhouse";"A6";"line";1;"flo";0,304114163056893;0,135629965523597;0,487777239181495;0,271245662465775;15,107073610519;0,387724808843435;0,348904618845979;43,5220382563609
"93";"Turnera_ulmifolia";"Turnera ulmifolia: A20";3;"Turnera ulmifolia: Barrett and Shore 1987 greenhouse";"A7";"line";1;"flo";0,304114163056893;0,135629965523597;0,487777239181495;0,271245662465775;15,7476534786335;0,435632718089901;0,406665759615865;30,1068436774462
"94";"Turnera_ulmifolia";"Turnera ulmifolia: A20";3;"Turnera ulmifolia: Barrett and Shore 1987 greenhouse";"A8";"line";1;"flo";0,304114163056893;0,135629965523597;0,487777239181495;0,271245662465775;6,43306470883904;0,448569177712754;0,400306981246275;22,8535653701435
"95";"Turnera_ulmifolia";"Turnera ulmifolia: A20";3;"Turnera ulmifolia: Barrett and Shore 1987 greenhouse";"A9";"line";1;"flo";0,304114163056893;0,135629965523597;0,487777239181495;0,271245662465775;20,4497169350009;0,396336395611442;0,293425177175616;31,066601418505
"96";"Clarkia_dudleyana";"Clarkia dudleyana: Tanbark Flats (124)";4;"Clarkia dudleyana: Podolsky et al. 1997 greenhouse";"118";"line";1;"flo";0,821919091183275;0,354232881488297;1,96558296793888;0,580859072205834;3,72826283009645;0,662011671954799;0,55415954113983;71,9344750606369
"97";"Clarkia_dudleyana";"Clarkia dudleyana: Tanbark Flats (124)";4;"Clarkia dudleyana: Podolsky et al. 1997 greenhouse";"119";"line";1;"flo";0,821919091183275;0,354232881488297;1,96558296793888;0,580859072205834;7,32191075909391;1,80263439229317;1,35147940409615;18,5853574124355
"98";"Clarkia_dudleyana";"Clarkia dudleyana: Tanbark Flats (124)";4;"Clarkia dudleyana: Podolsky et al. 1997 greenhouse";"123";"line";1;"flo";0,821919091183275;0,354232881488297;1,96558296793888;0,580859072205834;8,27454571506675;0,927936053224982;0,50790702887699;53,6125757549845
"99";"Clarkia_dudleyana";"Clarkia dudleyana: Tanbark Flats (124)";4;"Clarkia dudleyana: Podolsky et al. 1997 greenhouse";"128";"line";1;"flo";0,821919091183275;0,354232881488297;1,96558296793888;0,580859072205834;12,0930410265501;0,710270352220669;0,473888250854559;64,3123324885806
"100";"Clarkia_dudleyana";"Clarkia dudleyana: Tanbark Flats (124)";4;"Clarkia dudleyana: Podolsky et al. 1997 greenhouse";"129";"line";1;"flo";0,821919091183275;0,354232881488297;1,96558296793888;0,580859072205834;10,0317261717612;1,78535319205068;1,40162708061097;20,3083624034117
"101";"Clarkia_dudleyana";"Clarkia dudleyana: Tanbark Flats (124)";4;"Clarkia dudleyana: Podolsky et al. 1997 greenhouse";"130";"line";1;"flo";0,821919091183275;0,354232881488297;1,96558296793888;0,580859072205834;4,74653955625406;1,09915933968352;0,572356723308968;47,205415470623
"102";"Clarkia_dudleyana";"Clarkia dudleyana: Tanbark Flats (124)";4;"Clarkia dudleyana: Podolsky et al. 1997 greenhouse";"132";"line";1;"flo";0,821919091183275;0,354232881488297;1,96558296793888;0,580859072205834;4,79238586883169;1,67010279516671;1,17818595229296;26,3752032704909
"103";"Clarkia_dudleyana";"Clarkia dudleyana: Tanbark Flats (124)";4;"Clarkia dudleyana: Podolsky et al. 1997 greenhouse";"133";"line";1;"flo";0,821919091183275;0,354232881488297;1,96558296793888;0,580859072205834;2,74142378586703;1,66733514798453;1,14173189805893;26,1675131744497
"104";"Clarkia_dudleyana";"Clarkia dudleyana: Tanbark Flats (124)";4;"Clarkia dudleyana: Podolsky et al. 1997 greenhouse";"135";"line";1;"flo";0,821919091183275;0,354232881488297;1,96558296793888;0,580859072205834;4,80447352761095;1,83388052377003;1,43611601948305;16,6349706669682
"105";"Clarkia_dudleyana";"Clarkia dudleyana: Tanbark Flats (124)";4;"Clarkia dudleyana: Podolsky et al. 1997 greenhouse";"136";"line";1;"flo";0,821919091183275;0,354232881488297;1,96558296793888;0,580859072205834;6,47427462073874;0,818296379349688;0,46563411009922;57,61377158579
"106";"Spergularia_marina";"Spergularia marina: ASC";6;"Spergularia marina: Delesalle and Mazer 1995 greenhouse";"COP";"area+coun+mass";3;"flo";6,04304854823843;0,132438276064131;20,5679482308971;1,23068894392005;8,71930596134065;7,98501199461994;1,090000541464;71,8423363870514
"107";"Spergularia_marina";"Spergularia marina: ASC";6;"Spergularia marina: Delesalle and Mazer 1995 greenhouse";"MSH";"area+coun+mass";3;"flo";6,04304854823843;0,132438276064131;20,5679482308971;1,23068894392005;5,77331487655088;6,23721011074483;2,66959493015759;62,8320590880589
"108";"Spergularia_marina";"Spergularia marina: ASC";6;"Spergularia marina: Delesalle and Mazer 1995 greenhouse";"SMB";"area+coun+mass";3;"flo";6,04304854823843;0,132438276064131;20,5679482308971;1,23068894392005;6,88345548757523;5,73216450887225;1,08786219912295;67,5864028893074
"109";"Spergularia_marina";"Spergularia marina: COP";6;"Spergularia marina: Delesalle and Mazer 1995 greenhouse";"ASC";"area+coun+mass";3;"flo";1,99556777737434;0,15331191098376;4,89114922462426;0,98968012251469;7,94701898706186;4,08274480837584;2,74570965881839;35,9085507649926
"110";"Spergularia_marina";"Spergularia marina: COP";6;"Spergularia marina: Delesalle and Mazer 1995 greenhouse";"MSH";"area+coun+mass";3;"flo";1,99556777737434;0,15331191098376;4,89114922462426;0,98968012251469;12,4182776279654;4,0208468011023;2,12509746338777;32,237864181385
"111";"Spergularia_marina";"Spergularia marina: COP";6;"Spergularia marina: Delesalle and Mazer 1995 greenhouse";"SMB";"area+coun+mass";3;"flo";1,99556777737434;0,15331191098376;4,89114922462426;0,98968012251469;11,4340897019108;2,90806446089111;1,61159221593874;63,1420509791255
"112";"Spergularia_marina";"Spergularia marina: MSH";6;"Spergularia marina: Delesalle and Mazer 1995 greenhouse";"ASC";"area+coun+mass";3;"flo";4,60065767314399;0,270768872330205;15,3873368686849;1,64751535606794;6,11877650571698;7,80431987470839;2,58064917841415;50,2944748488815
"113";"Spergularia_marina";"Spergularia marina: MSH";6;"Spergularia marina: Delesalle and Mazer 1995 greenhouse";"COP";"area+coun+mass";3;"flo";4,60065767314399;0,270768872330205;15,3873368686849;1,64751535606794;10,7412201695575;12,8238398807088;3,9823124533017;25,3048435644765
"114";"Spergularia_marina";"Spergularia marina: MSH";6;"Spergularia marina: Delesalle and Mazer 1995 greenhouse";"SMB";"area+coun+mass";3;"flo";4,60065767314399;0,270768872330205;15,3873368686849;1,64751535606794;8,13498684045204;7,98034246855964;2,52500870923108;53,5020392594059
"115";"Spergularia_marina";"Spergularia marina: SMB";6;"Spergularia marina: Delesalle and Mazer 1995 greenhouse";"ASC";"area+coun+mass";3;"flo";1,93777080509984;0,147067778699928;5,40243715018809;0,722884746523105;6,1186333250862;1,60212834598635;0,588667398062282;71,9221602030951
"116";"Spergularia_marina";"Spergularia marina: SMB";6;"Spergularia marina: Delesalle and Mazer 1995 greenhouse";"COP";"area+coun+mass";3;"flo";1,93777080509984;0,147067778699928;5,40243715018809;0,722884746523105;12,0952956466208;1,45487899974985;0,821619083162729;81,5742770169457
"117";"Spergularia_marina";"Spergularia marina: SMB";6;"Spergularia marina: Delesalle and Mazer 1995 greenhouse";"MSH";"area+coun+mass";3;"flo";1,93777080509984;0,147067778699928;5,40243715018809;0,722884746523105;7,73423600528522;3,91185159017092;1,45946388403251;35,4005239064776
"118";"Solanum_carolinense";"Solanum carolinense: Landfill";5;"Solanum carolinense: Elle 1998 greenhouse";"Old_Field";"coun+line";2;"flo";1,69100888370646;0,186959330845635;4,34566491440148;0,585736452494;23,1785989074833;2,79981135130881;1,6454101150937;78,8714039726784
"119";"Solanum_carolinense";"Solanum carolinense: Landfill";5;"Solanum carolinense: Elle 1998 greenhouse";"Sheep_Pasture";"coun+line";2;"flo";1,69100888370646;0,186959330845635;4,34566491440148;0,585736452494;26,9047366766208;2,97337733816554;2,77599401876114;84,8593860560745
"120";"Solanum_carolinense";"Solanum carolinense: Old Field";5;"Solanum carolinense: Elle 1998 greenhouse";"Landfill";"coun+line";2;"flo";3,07038744607662;0,270423980373083;12,662973971447;0,6351747504571;21,4655146415902;11,3577721964605;3,2834051908331;19,190311477212
"121";"Solanum_carolinense";"Solanum carolinense: Old Field";5;"Solanum carolinense: Elle 1998 greenhouse";"Sheep_Pasture";"coun+line";2;"flo";3,07038744607662;0,270423980373083;12,662973971447;0,6351747504571;13,987712396276;11,2233132842995;2,30262653344265;20,0244977164933
"122";"Solanum_carolinense";"Solanum carolinense: Sheep Pasture";5;"Solanum carolinense: Elle 1998 greenhouse";"Landfill";"coun+line";2;"flo";2,0209155847272;0,205003306420862;8,14252489784384;0,514240166554665;26,662477311228;7,90894347241602;6,40028571030668;10,4001238368217
"123";"Solanum_carolinense";"Solanum carolinense: Sheep Pasture";5;"Solanum carolinense: Elle 1998 greenhouse";"Old_Field";"coun+line";2;"flo";2,0209155847272;0,205003306420862;8,14252489784384;0,514240166554665;13,2373571785324;7,04005566773562;2,27986744260785;22,2749651357602
"124";"Fragaria_virginiana";"Fragaria virginiana: Crawford County 3 pops";4;"Fragaria virginiana: Ashman 2003 field";"HT";"area+coun";2;"flo";9,53175233731507;1,31550793843867;28,6075055776867;4,04695821836358;2,87435867982567;15,3341756322878;5,5477439136216;46,6586360460314
"125";"Fragaria_virginiana";"Fragaria virginiana: Crawford County 3 pops";4;"Fragaria virginiana: Ashman 2003 field";"PR";"area+coun";2;"flo";9,53175233731507;1,31550793843867;28,6075055776867;4,04695821836358;2,45533309313665;24,5219511317747;13,5029292145197;23,888992107994
"126";"Fragaria_virginiana";"Fragaria virginiana: Crawford County 3 pops";4;"Fragaria virginiana: Ashman 2003 field";"W";"area+coun";2;"flo";9,53175233731507;1,31550793843867;28,6075055776867;4,04695821836358;1,44457111035744;14,0416592961032;3,66808099054664;48,670656053218
"127";"Fragaria_virginiana";"Fragaria virginiana: Crawford County 3 pops II";3;"Fragaria virginiana: Ashman 2003 field";"HT";"area+coun";2;"flo";14,5644968923818;4,33984290925383;24,7566489113108;11,749073278882;3,57028205122735;16,9378525263535;12,8562885558039;53,7580104613092
"128";"Fragaria_virginiana";"Fragaria virginiana: Crawford County 3 pops II";3;"Fragaria virginiana: Ashman 2003 field";"PR";"area+coun";2;"flo";14,5644968923818;4,33984290925383;24,7566489113108;11,749073278882;3,37857428479215;21,7685773548204;19,0379874954282;30,9758239105295
"129";"Fragaria_virginiana";"Fragaria virginiana: Crawford County 3 pops II";3;"Fragaria virginiana: Ashman 2003 field";"W";"area+coun";2;"flo";14,5644968923818;4,33984290925383;24,7566489113108;11,749073278882;1,60789589945714;19,3673453959376;13,7029329150388;39,0477883396924
"130";"Mimulus_guttatus";"Mimulus guttatus: S";7;"Mimulus guttatus: Carr and Fenster 1994 greenhouse";"T";"coun+line";3;"flo+lif";2,73549885264211;0,0226059112636584;8,65826314512987;0,207941494592421;8,30051349925713;6,30847068386425;2,19768743876349;55,8162241436662
"131";"Mimulus_guttatus";"Mimulus guttatus: T";7;"Mimulus guttatus: Carr and Fenster 1994 greenhouse";"S";"coun+line";3;"flo+lif";2,26190840090639;0,0113376651328478;11,5618849511292;0,0844882674980756;6,39020711089184;0,449011167383341;0,356057442484059;89,6317432739302
"132";"Mimulus_micranthus";"Mimulus micranthus: 301";7;"Mimulus micranthus: Carr and Fenster 1994 greenhouse";"305";"coun+line";3;"flo+lif";0,458533238418885;0,00897752517939754;1,66143432073694;0,0340126368175537;13,5319114379362;1,3141436027078;0,744735821893272;33,7019195387876
"133";"Mimulus_micranthus";"Mimulus micranthus: 305";7;"Mimulus micranthus: Carr and Fenster 1994 greenhouse";"301";"coun+line";3;"flo+lif";0,545615155903178;0,000785171531420785;3,00306672652682;0,00603692824584979;16,7211809068853;0,700954580649111;0,0093037409238775;62,4778614560807
"134";"Nigella_degenii";"Nigella degenii: Mikonos";4;"Nigella degenii: Andersson 1997 greenhouse";"Siros";"line";1;"flo+veg";0,972868899006834;0,032094584885953;3,17299871387957;0,130749775914985;11,4184782243908;1,10636302859852;0,234589070604601;61,5216702888244
"135";"Nigella_degenii";"Nigella degenii: Siros";5;"Nigella degenii: Andersson 1997 greenhouse";"Mikonos";"line";1;"flo+veg";0,915638069832898;0,0307691418376853;2,66059439366785;0,146723008620771;12,5419026827003;1,32195723448378;0,61249234997669;86,8926631326771
"136";"Lobelia_siphilitica";"Lobelia siphilitica: CERA";6;"Lobelia siphilitica: Caruso 2004 greenhouse";"Krumm";"coun+line";2;"flo";1,07883405207783;0,01308417628497;4,64979600049391;0,136530972821206;3,20970955228043;0,745913593575009;0,420142962429803;76,8337711648518
"137";"Lobelia_siphilitica";"Lobelia siphilitica: Krumm";6;"Lobelia siphilitica: Caruso 2004 greenhouse";"CERA";"coun+line";2;"flo";1,55001564139243;0,0654838237619336;6,15726951344138;0,394028558497066;3,74532847619005;1,22323608324333;0,675798368352106;77,4085792058755
"138";"Crepis_tectorum";"Crepis tectorum: Vickleby";5;"Crepis tectorum: Andersson Crepis greenhouse";"ALAN";NA;NA;NA;10,8396241541451;0,316771983883019;49,3952972498834;0,971284632983646;42,7209899217942;18,693215672248;2,29625565601197;53,5568894764143
"139";"Crepis_tectorum";"Crepis tectorum: Vickleby";5;"Crepis tectorum: Andersson Crepis greenhouse";"ALGU";NA;NA;NA;10,8396241541451;0,316771983883019;49,3952972498834;0,971284632983646;38,8452117844071;46,2773950921549;8,13190356245522;14,7713606496207
"140";"Crepis_tectorum";"Crepis tectorum: Vickleby";5;"Crepis tectorum: Andersson Crepis greenhouse";"ANTW";NA;NA;NA;10,8396241541451;0,316771983883019;49,3952972498834;0,971284632983646;67,3349713560135;32,3324092801524;5,70476581057039;37,1226010063061
"141";"Crepis_tectorum";"Crepis tectorum: Vickleby";5;"Crepis tectorum: Andersson Crepis greenhouse";"ARHU";NA;NA;NA;10,8396241541451;0,316771983883019;49,3952972498834;0,971284632983646;34,4057478185776;11,1164610352776;2,92566295529484;64,6738414288041
"142";"Crepis_tectorum";"Crepis tectorum: Vickleby";5;"Crepis tectorum: Andersson Crepis greenhouse";"ARRI";NA;NA;NA;10,8396241541451;0,316771983883019;49,3952972498834;0,971284632983646;27,5185061751797;27,5830375449549;3,76317217228246;42,9135189496944
"143";"Crepis_tectorum";"Crepis tectorum: Vickleby";5;"Crepis tectorum: Andersson Crepis greenhouse";"BLID";NA;NA;NA;10,8396241541451;0,316771983883019;49,3952972498834;0,971284632983646;59,4247207820181;36,1313755954295;5,49894549580793;31,9755165916713
"144";"Crepis_tectorum";"Crepis tectorum: Vickleby";5;"Crepis tectorum: Andersson Crepis greenhouse";"BORD";NA;NA;NA;10,8396241541451;0,316771983883019;49,3952972498834;0,971284632983646;58,3648443376902;29,4101670573782;4,69008679853648;40,7485390839718
"145";"Crepis_tectorum";"Crepis tectorum: Vickleby";5;"Crepis tectorum: Andersson Crepis greenhouse";"BORO";NA;NA;NA;10,8396241541451;0,316771983883019;49,3952972498834;0,971284632983646;38,3211371402093;44,2527810639909;9,03816701990614;19,1744208991102
"146";"Crepis_tectorum";"Crepis tectorum: Vickleby";5;"Crepis tectorum: Andersson Crepis greenhouse";"BRAN";NA;NA;NA;10,8396241541451;0,316771983883019;49,3952972498834;0,971284632983646;17,0656087026714;2,85594583659571;2,46688378274;85,6599989514602
"147";"Crepis_tectorum";"Crepis tectorum: Vickleby";5;"Crepis tectorum: Andersson Crepis greenhouse";"BRIT";NA;NA;NA;10,8396241541451;0,316771983883019;49,3952972498834;0,971284632983646;36,4875599927625;36,8560042541047;5,27377642654529;31,0491960331064
"148";"Crepis_tectorum";"Crepis tectorum: Vickleby";5;"Crepis tectorum: Andersson Crepis greenhouse";"DROS";NA;NA;NA;10,8396241541451;0,316771983883019;49,3952972498834;0,971284632983646;27,4402549293811;3,95456925560396;2,44758977221542;79,9980246318603
"149";"Crepis_tectorum";"Crepis tectorum: Vickleby";5;"Crepis tectorum: Andersson Crepis greenhouse";"EKEL";NA;NA;NA;10,8396241541451;0,316771983883019;49,3952972498834;0,971284632983646;28,718996776431;19,5741132453846;3,41235855646654;52,8748088377279
"150";"Crepis_tectorum";"Crepis tectorum: Vickleby";5;"Crepis tectorum: Andersson Crepis greenhouse";"FILE";NA;NA;NA;10,8396241541451;0,316771983883019;49,3952972498834;0,971284632983646;31,4116032543263;35,7083115107983;6,00095007333668;32,6793989415029
"151";"Crepis_tectorum";"Crepis tectorum: Vickleby";5;"Crepis tectorum: Andersson Crepis greenhouse";"FRAN";NA;NA;NA;10,8396241541451;0,316771983883019;49,3952972498834;0,971284632983646;67,1485021193244;32,8745186047087;5,58565791229404;36,4207817486065
"152";"Crepis_tectorum";"Crepis tectorum: Vickleby";5;"Crepis tectorum: Andersson Crepis greenhouse";"GAVL";NA;NA;NA;10,8396241541451;0,316771983883019;49,3952972498834;0,971284632983646;23,7590756958624;33,4247132644383;4,31014781139048;35,3541114085581
"153";"Crepis_tectorum";"Crepis tectorum: Vickleby";5;"Crepis tectorum: Andersson Crepis greenhouse";"GOTT";NA;NA;NA;10,8396241541451;0,316771983883019;49,3952972498834;0,971284632983646;41,0039645300298;9,3668335592163;2,82285956123572;67,5211514190917
"154";"Crepis_tectorum";"Crepis tectorum: Vickleby";5;"Crepis tectorum: Andersson Crepis greenhouse";"HAGE";NA;NA;NA;10,8396241541451;0,316771983883019;49,3952972498834;0,971284632983646;29,2268524534017;9,68642586797972;2,57134357067241;66,8348011916518
"155";"Crepis_tectorum";"Crepis tectorum: Vickleby";5;"Crepis tectorum: Andersson Crepis greenhouse";"HAMR";NA;NA;NA;10,8396241541451;0,316771983883019;49,3952972498834;0,971284632983646;38,2926161761633;40,1224355221446;6,81547394748782;26,2931963201104
"156";"Crepis_tectorum";"Crepis tectorum: Vickleby";5;"Crepis tectorum: Andersson Crepis greenhouse";"HIIU";NA;NA;NA;10,8396241541451;0,316771983883019;49,3952972498834;0,971284632983646;36,2781260161239;26,0638680201784;2,94143677222293;44,7108989074989
"157";"Crepis_tectorum";"Crepis tectorum: Vickleby";5;"Crepis tectorum: Andersson Crepis greenhouse";"HOLL";NA;NA;NA;10,8396241541451;0,316771983883019;49,3952972498834;0,971284632983646;38,5007025294274;40,0607355683441;5,96852196860358;26,4237454598469
"158";"Crepis_tectorum";"Crepis tectorum: Vickleby";5;"Crepis tectorum: Andersson Crepis greenhouse";"HORT";NA;NA;NA;10,8396241541451;0,316771983883019;49,3952972498834;0,971284632983646;61,2950586051154;35,5598443372967;6,74410048217925;32,9152333003669
"159";"Crepis_tectorum";"Crepis tectorum: Vickleby";5;"Crepis tectorum: Andersson Crepis greenhouse";"KALK";NA;NA;NA;10,8396241541451;0,316771983883019;49,3952972498834;0,971284632983646;30,0264885737616;18,4030088237744;2,92643905217444;54,2314702846385
"160";"Crepis_tectorum";"Crepis tectorum: Vickleby";5;"Crepis tectorum: Andersson Crepis greenhouse";"KARL";NA;NA;NA;10,8396241541451;0,316771983883019;49,3952972498834;0,971284632983646;59,4563069782094;32,318738851798;4,85493411924677;37,1013189582726
"161";"Crepis_tectorum";"Crepis tectorum: Vickleby";5;"Crepis tectorum: Andersson Crepis greenhouse";"KURT";NA;NA;NA;10,8396241541451;0,316771983883019;49,3952972498834;0,971284632983646;40,7862428920827;38,5067379067693;8,5122235597607;28,7973312865989
"162";"Crepis_tectorum";"Crepis tectorum: Vickleby";5;"Crepis tectorum: Andersson Crepis greenhouse";"LERN";NA;NA;NA;10,8396241541451;0,316771983883019;49,3952972498834;0,971284632983646;27,7769378562162;5,59654246094914;2,58390907976134;75,2903198150348
"163";"Crepis_tectorum";"Crepis tectorum: Vickleby";5;"Crepis tectorum: Andersson Crepis greenhouse";"LOO";NA;NA;NA;10,8396241541451;0,316771983883019;49,3952972498834;0,971284632983646;22,7753645490286;9,30643885333797;2,05708008868124;67,2440737905352
"164";"Crepis_tectorum";"Crepis tectorum: Vickleby";5;"Crepis tectorum: Andersson Crepis greenhouse";"LUDV";NA;NA;NA;10,8396241541451;0,316771983883019;49,3952972498834;0,971284632983646;31,9137420837047;21,2956860482945;3,29648946680834;50,5181694278918
"165";"Crepis_tectorum";"Crepis tectorum: Vickleby";5;"Crepis tectorum: Andersson Crepis greenhouse";"MOCK";NA;NA;NA;10,8396241541451;0,316771983883019;49,3952972498834;0,971284632983646;42,3036387818193;14,0964414773521;2,74425875845761;60,1058082281838
"166";"Crepis_tectorum";"Crepis tectorum: Vickleby";5;"Crepis tectorum: Andersson Crepis greenhouse";"MOCKE";NA;NA;NA;10,8396241541451;0,316771983883019;49,3952972498834;0,971284632983646;30,2502062615442;2,99430051429047;2,23589413256246;83,5958743098271
"167";"Crepis_tectorum";"Crepis tectorum: Vickleby";5;"Crepis tectorum: Andersson Crepis greenhouse";"NOAR";NA;NA;NA;10,8396241541451;0,316771983883019;49,3952972498834;0,971284632983646;16,2778383921953;4,51072908515931;2,26061017204499;78,1344889139529
"168";"Crepis_tectorum";"Crepis tectorum: Vickleby";5;"Crepis tectorum: Andersson Crepis greenhouse";"NORR";NA;NA;NA;10,8396241541451;0,316771983883019;49,3952972498834;0,971284632983646;49,3665653860038;44,6336640161031;7,21037448347112;18,4022267023555
"169";"Crepis_tectorum";"Crepis tectorum: Vickleby";5;"Crepis tectorum: Andersson Crepis greenhouse";"NYNA";NA;NA;NA;10,8396241541451;0,316771983883019;49,3952972498834;0,971284632983646;48,2581581967975;30,7334053536706;3,90394067526507;38,8775758078609
"170";"Crepis_tectorum";"Crepis tectorum: Vickleby";5;"Crepis tectorum: Andersson Crepis greenhouse";"ONTA";NA;NA;NA;10,8396241541451;0,316771983883019;49,3952972498834;0,971284632983646;52,8033140476692;42,0182773550808;7,51507042751664;23,3071897094133
"171";"Crepis_tectorum";"Crepis tectorum: Vickleby";5;"Crepis tectorum: Andersson Crepis greenhouse";"OSKA";NA;NA;NA;10,8396241541451;0,316771983883019;49,3952972498834;0,971284632983646;62,5616934228633;16,7771793566688;2,8111712494849;56,3148381582323
"172";"Crepis_tectorum";"Crepis tectorum: Vickleby";5;"Crepis tectorum: Andersson Crepis greenhouse";"OSTE";NA;NA;NA;10,8396241541451;0,316771983883019;49,3952972498834;0,971284632983646;31,3961520528446;43,2920966963368;9,67553930370444;21,0744266210153
"173";"Crepis_tectorum";"Crepis tectorum: Vickleby";5;"Crepis tectorum: Andersson Crepis greenhouse";"PLM";NA;NA;NA;10,8396241541451;0,316771983883019;49,3952972498834;0,971284632983646;41,5591457447737;35,6737147700546;6,73563523821614;32,7426271754459
"174";"Crepis_tectorum";"Crepis tectorum: Vickleby";5;"Crepis tectorum: Andersson Crepis greenhouse";"RAPP";NA;NA;NA;10,8396241541451;0,316771983883019;49,3952972498834;0,971284632983646;19,3040633538312;4,03850571455994;2,00165610294037;79,0108610368006
"175";"Crepis_tectorum";"Crepis tectorum: Vickleby";5;"Crepis tectorum: Andersson Crepis greenhouse";"ROST";NA;NA;NA;10,8396241541451;0,316771983883019;49,3952972498834;0,971284632983646;40,6977270202522;32,7618181349777;6,28094698939708;36,5799612634535
"176";"Crepis_tectorum";"Crepis tectorum: Vickleby";5;"Crepis tectorum: Andersson Crepis greenhouse";"RU88";NA;NA;NA;10,8396241541451;0,316771983883019;49,3952972498834;0,971284632983646;45,3049409364549;38,1202906678237;5,71224036038241;29,2142494367703
"177";"Crepis_tectorum";"Crepis tectorum: Vickleby";5;"Crepis tectorum: Andersson Crepis greenhouse";"RUNM";NA;NA;NA;10,8396241541451;0,316771983883019;49,3952972498834;0,971284632983646;34,3873336743509;26,8796746663114;1,85409580331684;43,3034747333853
"178";"Crepis_tectorum";"Crepis tectorum: Vickleby";5;"Crepis tectorum: Andersson Crepis greenhouse";"RYMA";NA;NA;NA;10,8396241541451;0,316771983883019;49,3952972498834;0,971284632983646;31,6287134226383;28,2824592665772;2,60124071542696;41,6544430000993
"179";"Crepis_tectorum";"Crepis tectorum: Vickleby";5;"Crepis tectorum: Andersson Crepis greenhouse";"SANT";NA;NA;NA;10,8396241541451;0,316771983883019;49,3952972498834;0,971284632983646;24,5937099326954;8,60017379443247;2,6708994135703;68,9702445647394
"180";"Crepis_tectorum";"Crepis tectorum: Vickleby";5;"Crepis tectorum: Andersson Crepis greenhouse";"SASK";NA;NA;NA;10,8396241541451;0,316771983883019;49,3952972498834;0,971284632983646;38,9396084313238;32,2159224689767;5,05314465014821;37,1797486204731
"181";"Crepis_tectorum";"Crepis tectorum: Vickleby";5;"Crepis tectorum: Andersson Crepis greenhouse";"SDSK";NA;NA;NA;10,8396241541451;0,316771983883019;49,3952972498834;0,971284632983646;30,2370111888681;27,3475204870134;2,87973455222788;43,1043001137401
"182";"Crepis_tectorum";"Crepis tectorum: Vickleby";5;"Crepis tectorum: Andersson Crepis greenhouse";"SIGF";NA;NA;NA;10,8396241541451;0,316771983883019;49,3952972498834;0,971284632983646;48,4269140538836;37,2194910099334;7,4780667038855;30,6477540654018
"183";"Crepis_tectorum";"Crepis tectorum: Vickleby";5;"Crepis tectorum: Andersson Crepis greenhouse";"SKOG";NA;NA;NA;10,8396241541451;0,316771983883019;49,3952972498834;0,971284632983646;53,8574834169728;33,3100128918264;5,63947991426171;35,8154725403912
"184";"Crepis_tectorum";"Crepis tectorum: Vickleby";5;"Crepis tectorum: Andersson Crepis greenhouse";"SODE";NA;NA;NA;10,8396241541451;0,316771983883019;49,3952972498834;0,971284632983646;46,4766117637512;36,3951517831794;6,69018633976835;31,7663787605556
"185";"Crepis_tectorum";"Crepis tectorum: Vickleby";5;"Crepis tectorum: Andersson Crepis greenhouse";"STAV";NA;NA;NA;10,8396241541451;0,316771983883019;49,3952972498834;0,971284632983646;39,6660362446169;28,5791891847006;3,70524977076159;41,4468799084029
"186";"Crepis_tectorum";"Crepis tectorum: Vickleby";5;"Crepis tectorum: Andersson Crepis greenhouse";"TJEK";NA;NA;NA;10,8396241541451;0,316771983883019;49,3952972498834;0,971284632983646;28,2365233583204;25,6249164857443;4,66921479153049;45,4505759849718
"187";"Crepis_tectorum";"Crepis tectorum: Vickleby";5;"Crepis tectorum: Andersson Crepis greenhouse";"UDDE";NA;NA;NA;10,8396241541451;0,316771983883019;49,3952972498834;0,971284632983646;39,5991564758264;33,8501369243379;6,57440799475802;35,1615160261644
"188";"Crepis_tectorum";"Crepis tectorum: Vickleby";5;"Crepis tectorum: Andersson Crepis greenhouse";"VABY";NA;NA;NA;10,8396241541451;0,316771983883019;49,3952972498834;0,971284632983646;54,9966875721147;38,7820436017977;6,44876278471924;28,2930498149644
"189";"Crepis_tectorum";"Crepis tectorum: Vickleby";5;"Crepis tectorum: Andersson Crepis greenhouse";"VICK";NA;NA;NA;10,8396241541451;0,316771983883019;49,3952972498834;0,971284632983646;26,894371427687;14,3658193754734;2,96957641132205;59,7869534961505
"190";"Crepis_tectorum";"Crepis tectorum: Vickleby";5;"Crepis tectorum: Andersson Crepis greenhouse";"VILH";NA;NA;NA;10,8396241541451;0,316771983883019;49,3952972498834;0,971284632983646;38,2473967000896;41,678993595316;9,29065930630759;23,9180868590942
"191";"Crepis_tectorum";"Crepis tectorum: Vickleby";5;"Crepis tectorum: Andersson Crepis greenhouse";"VISB";NA;NA;NA;10,8396241541451;0,316771983883019;49,3952972498834;0,971284632983646;39,2122966802135;18,2623973799526;3,56179488281632;54,5861062822024
"192";"Dalechampia_scandens_A";"Dalechampia scandens A: Tulum";6;"Dalechampia scandens A: Opedal et al. Costa Rica greenhouse";"S1";NA;NA;NA;0,406326289267852;0,0489686758026347;1,50481712033983;0,14800795070583;19,4544203695637;0,86664507013732;0,237203173134367;48,4220377782378
"193";"Dalechampia_scandens_A";"Dalechampia scandens A: Tulum";6;"Dalechampia scandens A: Opedal et al. Costa Rica greenhouse";"S11";NA;NA;NA;0,406326289267852;0,0489686758026347;1,50481712033983;0,14800795070583;21,0343988631858;0,292414536451589;0,11512937940108;88,5772327026297
"194";"Dalechampia_scandens_A";"Dalechampia scandens A: Tulum";6;"Dalechampia scandens A: Opedal et al. Costa Rica greenhouse";"S12";NA;NA;NA;0,406326289267852;0,0489686758026347;1,50481712033983;0,14800795070583;28,5899638708213;0,553422311797416;0,259804566117923;67,9599364390047
"195";"Dalechampia_scandens_A";"Dalechampia scandens A: Tulum";6;"Dalechampia scandens A: Opedal et al. Costa Rica greenhouse";"S13";NA;NA;NA;0,406326289267852;0,0489686758026347;1,50481712033983;0,14800795070583;20,4588572253942;0,711230994126911;0,125298009634779;48,8812447495621
"196";"Dalechampia_scandens_A";"Dalechampia scandens A: Tulum";6;"Dalechampia scandens A: Opedal et al. Costa Rica greenhouse";"S16";NA;NA;NA;0,406326289267852;0,0489686758026347;1,50481712033983;0,14800795070583;21,0665372871106;0,521853226775574;0,126909673916485;57,6059679361416
"197";"Dalechampia_scandens_A";"Dalechampia scandens A: Tulum";6;"Dalechampia scandens A: Opedal et al. Costa Rica greenhouse";"S19";NA;NA;NA;0,406326289267852;0,0489686758026347;1,50481712033983;0,14800795070583;11,5494436803606;0,159170042709915;0,0713488534524431;78,5944963094428
"198";"Dalechampia_scandens_A";"Dalechampia scandens A: Tulum";6;"Dalechampia scandens A: Opedal et al. Costa Rica greenhouse";"S2";NA;NA;NA;0,406326289267852;0,0489686758026347;1,50481712033983;0,14800795070583;21,1349198374459;0,249553782679639;0,0841825440114251;74,5701787895268
"199";"Dalechampia_scandens_A";"Dalechampia scandens A: Tulum";6;"Dalechampia scandens A: Opedal et al. Costa Rica greenhouse";"S20";NA;NA;NA;0,406326289267852;0,0489686758026347;1,50481712033983;0,14800795070583;28,5150346621119;1,22123732276395;0,260009524379028;26,4750536404613
"200";"Dalechampia_scandens_A";"Dalechampia scandens A: Tulum";6;"Dalechampia scandens A: Opedal et al. Costa Rica greenhouse";"S21";NA;NA;NA;0,406326289267852;0,0489686758026347;1,50481712033983;0,14800795070583;21,873064039459;0,366054545636782;0,121143875910369;77,6678047237195
"201";"Dalechampia_scandens_A";"Dalechampia scandens A: Tulum";6;"Dalechampia scandens A: Opedal et al. Costa Rica greenhouse";"S22";NA;NA;NA;0,406326289267852;0,0489686758026347;1,50481712033983;0,14800795070583;17,4013570728869;0,469990044922621;0,109368632777592;63,3573111768252
"202";"Dalechampia_scandens_A";"Dalechampia scandens A: Tulum";6;"Dalechampia scandens A: Opedal et al. Costa Rica greenhouse";"S26";NA;NA;NA;0,406326289267852;0,0489686758026347;1,50481712033983;0,14800795070583;14,5574732044016;0,334672822443256;0,128033769200281;79,2786773640736
"203";"Dalechampia_scandens_A";"Dalechampia scandens A: Tulum";6;"Dalechampia scandens A: Opedal et al. Costa Rica greenhouse";"S3";NA;NA;NA;0,406326289267852;0,0489686758026347;1,50481712033983;0,14800795070583;21,5272608160845;0,938822895002633;0,206565405841462;43,0670623364121
"204";"Dalechampia_scandens_A";"Dalechampia scandens A: Tulum";6;"Dalechampia scandens A: Opedal et al. Costa Rica greenhouse";"S6";NA;NA;NA;0,406326289267852;0,0489686758026347;1,50481712033983;0,14800795070583;13,8598199726367;0,367950044581783;0,114246656996163;77,5304398164404
"205";"Dalechampia_scandens_A";"Dalechampia scandens A: Tulum";6;"Dalechampia scandens A: Opedal et al. Costa Rica greenhouse";"S7";NA;NA;NA;0,406326289267852;0,0489686758026347;1,50481712033983;0,14800795070583;14,5766294875521;0,296343958612315;0,0888945677590294;68,6326156791877
"206";"Dalechampia_scandens_A";"Dalechampia scandens A: Tulum";6;"Dalechampia scandens A: Opedal et al. Costa Rica greenhouse";"S8";NA;NA;NA;0,406326289267852;0,0489686758026347;1,50481712033983;0,14800795070583;20,9826481130204;0,694962692847139;0,114532423263716;51,1585561529436
"207";"Dalechampia_scandens_A";"Dalechampia scandens A: Tulum";6;"Dalechampia scandens A: Opedal et al. Costa Rica greenhouse";"S9";NA;NA;NA;0,406326289267852;0,0489686758026347;1,50481712033983;0,14800795070583;18,5844201525659;0,316740690261098;0,123393624791335;87,8279269445325
"208";"Dalechampia_scandens_A";"Dalechampia scandens A: Tulum";6;"Dalechampia scandens A: Bolstad et al. Mexico greenhouse";"BA";NA;NA;NA;0,406326289267852;0,0489686758026347;1,50481712033983;0,14800795070583;19,2171239358223;0,28824534469504;0,146246616903051;88,7974505091712
"209";"Dalechampia_scandens_A";"Dalechampia scandens A: Tulum";6;"Dalechampia scandens A: Bolstad et al. Mexico greenhouse";"C";NA;NA;NA;0,406326289267852;0,0489686758026347;1,50481712033983;0,14800795070583;19,3379083670116;0,451071602617621;0,184816185641052;69,5614936864831
"210";"Dalechampia_scandens_A";"Dalechampia scandens A: Tulum";6;"Dalechampia scandens A: Bolstad et al. Mexico greenhouse";"CA";NA;NA;NA;0,406326289267852;0,0489686758026347;1,50481712033983;0,14800795070583;21,0983838526138;1,29836535662891;0,356556785396893;22,8106039322816
"211";"Dalechampia_scandens_A";"Dalechampia scandens A: Tulum";6;"Dalechampia scandens A: Bolstad et al. Mexico greenhouse";"CC";NA;NA;NA;0,406326289267852;0,0489686758026347;1,50481712033983;0,14800795070583;17,192422533756;0,203885151651374;0,0865330206049958;80,4642059218862
"212";"Dalechampia_scandens_A";"Dalechampia scandens A: Tulum";6;"Dalechampia scandens A: Bolstad et al. Mexico greenhouse";"CN";NA;NA;NA;0,406326289267852;0,0489686758026347;1,50481712033983;0,14800795070583;19,6694178038455;0,335874855105194;0,121671013834667;73,8790323484956
"213";"Dalechampia_scandens_A";"Dalechampia scandens A: Tulum";6;"Dalechampia scandens A: Bolstad et al. Mexico greenhouse";"CP";NA;NA;NA;0,406326289267852;0,0489686758026347;1,50481712033983;0,14800795070583;34,7682126911388;0,942657996577787;0,293246905933365;44,9291608051055
"214";"Dalechampia_scandens_A";"Dalechampia scandens A: Tulum";6;"Dalechampia scandens A: Bolstad et al. Mexico greenhouse";"GS";NA;NA;NA;0,406326289267852;0,0489686758026347;1,50481712033983;0,14800795070583;14,7159271750853;0,621314829179473;0,27263741613226;64,6389918038517
"215";"Dalechampia_scandens_A";"Dalechampia scandens A: Tulum";6;"Dalechampia scandens A: Bolstad et al. Mexico greenhouse";"LM";NA;NA;NA;0,406326289267852;0,0489686758026347;1,50481712033983;0,14800795070583;78,8314286727634;1,1222173087815;0,41250249644182;34,1930466003134
"216";"Dalechampia_scandens_A";"Dalechampia scandens A: Tulum";6;"Dalechampia scandens A: Bolstad et al. Mexico greenhouse";"M";NA;NA;NA;0,406326289267852;0,0489686758026347;1,50481712033983;0,14800795070583;12,3203095350009;0,428704239138274;0,245761932443487;79,372691880247
"217";"Dalechampia_scandens_A";"Dalechampia scandens A: Tulum";6;"Dalechampia scandens A: Bolstad et al. Mexico greenhouse";"PM";NA;NA;NA;0,406326289267852;0,0489686758026347;1,50481712033983;0,14800795070583;16,5645538108388;0,554701816316125;0,173211059499364;65,7095127274318
"218";"Dalechampia_scandens_A";"Dalechampia scandens A: Tulum";6;"Dalechampia scandens A: Bolstad et al. Mexico greenhouse";"T";NA;NA;NA;0,406326289267852;0,0489686758026347;1,50481712033983;0,14800795070583;11,5459464872096;0,461703776731041;0,296424281505953;83,4881246543537
"219";"Dalechampia_scandens_A";"Dalechampia scandens A: Tulum";6;"Dalechampia scandens A: Bolstad et al. Mexico greenhouse";"Tulum51";NA;NA;NA;0,406326289267852;0,0489686758026347;1,50481712033983;0,14800795070583;13,3833719585243;0,677115850327675;0,489178440124573;63,9071441091489
"220";"Dalechampia_scandens_B";"Dalechampia scandens B: Tovar";5;"Dalechampia scandens B: Bolstad et al. Mexico greenhouse";"CH";NA;NA;NA;0,50256181832154;0,139606510230442;1,15023366076003;0,3627905688583;18,3747038301909;0,613845458063618;0,265895437318311;49,2781923493327
"221";"Dalechampia_scandens_B";"Dalechampia scandens B: Tovar";5;"Dalechampia scandens B: Bolstad et al. Mexico greenhouse";"CO";NA;NA;NA;0,50256181832154;0,139606510230442;1,15023366076003;0,3627905688583;18,8963018686827;0,721721351559779;0,403517877092526;48,6590659679437
"222";"Dalechampia_scandens_B";"Dalechampia scandens B: Tovar";5;"Dalechampia scandens B: Bolstad et al. Mexico greenhouse";"D";NA;NA;NA;0,50256181832154;0,139606510230442;1,15023366076003;0,3627905688583;22,1237245818034;0,316379263646459;0,214866117978268;76,0177539037035
"223";"Dalechampia_scandens_B";"Dalechampia scandens B: Tovar";5;"Dalechampia scandens B: Bolstad et al. Mexico greenhouse";"E";NA;NA;NA;0,50256181832154;0,139606510230442;1,15023366076003;0,3627905688583;18,2181512613589;0,29760733950938;0,237844941477875;89,9456321134942
"224";"Dalechampia_scandens_B";"Dalechampia scandens B: Tovar";5;"Dalechampia scandens B: Bolstad et al. Mexico greenhouse";"HO";NA;NA;NA;0,50256181832154;0,139606510230442;1,15023366076003;0,3627905688583;22,6248543796887;0,7856826165104;0,45606029710289;42,0095434159598
"225";"Dalechampia_scandens_B";"Dalechampia scandens B: Tovar";5;"Dalechampia scandens B: Bolstad et al. Mexico greenhouse";"MO";NA;NA;NA;0,50256181832154;0,139606510230442;1,15023366076003;0,3627905688583;19,4603748032189;0,458629448713433;0,239963943028558;63,3766065265279
"226";"Dalechampia_scandens_B";"Dalechampia scandens B: Tovar";5;"Dalechampia scandens B: Bolstad et al. Mexico greenhouse";"P";NA;NA;NA;0,50256181832154;0,139606510230442;1,15023366076003;0,3627905688583;20,5019499159203;0,798467171539851;0,491765021316974;43,3837414905956
"227";"Dalechampia_scandens_B";"Dalechampia scandens B: Tovar";5;"Dalechampia scandens B: Bolstad et al. Mexico greenhouse";"S";NA;NA;NA;0,50256181832154;0,139606510230442;1,15023366076003;0,3627905688583;11,7640056897418;0,48433742950532;0,228293766996694;56,1263904724432
"228";"Dalechampia_scandens_B";"Dalechampia scandens B: Tovar";5;"Dalechampia scandens B: Bolstad et al. Mexico greenhouse";"Tovar70";NA;NA;NA;0,50256181832154;0,139606510230442;1,15023366076003;0,3627905688583;6,72623173849667;0,626706227125972;0,362540690429058;54,6302792688337
"229";"Dalechampia_scandens_B";"Dalechampia scandens B: Tovar";5;"Dalechampia scandens B: Bolstad et al. Mexico greenhouse";"V";NA;NA;NA;0,50256181832154;0,139606510230442;1,15023366076003;0,3627905688583;21,0710069018897;0,611692388261194;0,310738714027302;52,9798714186059
"230";"Dalechampia_scandens_B";"Dalechampia scandens B: Tovar";5;"Dalechampia scandens B: Bolstad et al. Mexico greenhouse";"X";NA;NA;NA;0,50256181832154;0,139606510230442;1,15023366076003;0,3627905688583;12,7201382535059;0,431113283992882;0,234561785539839;64,0627905130785
"231";"Dalechampia_scandens_B";"Dalechampia scandens B: Tovar";5;"Dalechampia scandens B: Bolstad et al. Mexico greenhouse";"XU";NA;NA;NA;0,50256181832154;0,139606510230442;1,15023366076003;0,3627905688583;16,5559810324235;0,744879210305316;0,358863596845298;43,5938973439147
"232";"Senecio_pinnatifolius";"Senecio pinnatifolius: Dune";10;"Senecio pinnatifolius: Walter et al 2018 greenhouse";"D0";NA;NA;NA;1,54945976385044;0,137435125494609;8,89234414966926;0,435358629426491;20,4859664389772;1,99334735907038;0,850915271759592;85,7098469422443
"233";"Senecio_pinnatifolius";"Senecio pinnatifolius: Dune";10;"Senecio pinnatifolius: Walter et al 2018 greenhouse";"D1";NA;NA;NA;1,54945976385044;0,137435125494609;8,89234414966926;0,435358629426491;25,4733515372048;3,0124363742625;1,27338428307582;69,513413306245
"234";"Senecio_pinnatifolius";"Senecio pinnatifolius: Dune";10;"Senecio pinnatifolius: Walter et al 2018 greenhouse";"D3";NA;NA;NA;1,54945976385044;0,137435125494609;8,89234414966926;0,435358629426491;17,324197131003;5,3032620515038;1,74474384933262;46,5535847620217
"235";"Senecio_pinnatifolius";"Senecio pinnatifolius: Dune";10;"Senecio pinnatifolius: Walter et al 2018 greenhouse";"D4";NA;NA;NA;1,54945976385044;0,137435125494609;8,89234414966926;0,435358629426491;11,9782988554746;1,5917622157202;0,448678871217394;69,2892033688097
"236";"Senecio_pinnatifolius";"Senecio pinnatifolius: Dune";10;"Senecio pinnatifolius: Walter et al 2018 greenhouse";"H0";NA;NA;NA;1,54945976385044;0,137435125494609;8,89234414966926;0,435358629426491;61,009706199057;3,73304644480033;0,887890705566943;56,5848873623463
"237";"Senecio_pinnatifolius";"Senecio pinnatifolius: Dune";10;"Senecio pinnatifolius: Walter et al 2018 greenhouse";"H1";NA;NA;NA;1,54945976385044;0,137435125494609;8,89234414966926;0,435358629426491;53,9275855671038;4,03524301853141;1,09370617624406;55,7061028061171
"238";"Senecio_pinnatifolius";"Senecio pinnatifolius: Dune";10;"Senecio pinnatifolius: Walter et al 2018 greenhouse";"H2";NA;NA;NA;1,54945976385044;0,137435125494609;8,89234414966926;0,435358629426491;44,7846518448565;4,24060786460854;0,912615147641222;49,7013340842573
"239";"Senecio_pinnatifolius";"Senecio pinnatifolius: Dune";10;"Senecio pinnatifolius: Walter et al 2018 greenhouse";"H5";NA;NA;NA;1,54945976385044;0,137435125494609;8,89234414966926;0,435358629426491;60,9180361108659;2,86433141879218;0,746599080432725;62,1345946796025
"240";"Senecio_pinnatifolius";"Senecio pinnatifolius: Dune";10;"Senecio pinnatifolius: Walter et al 2018 greenhouse";"T1";NA;NA;NA;1,54945976385044;0,137435125494609;8,89234414966926;0,435358629426491;34,5038195332883;3,56956093849616;0,867194345681432;56,8176490708646
"241";"Senecio_pinnatifolius";"Senecio pinnatifolius: Dune";10;"Senecio pinnatifolius: Walter et al 2018 greenhouse";"T13";NA;NA;NA;1,54945976385044;0,137435125494609;8,89234414966926;0,435358629426491;32,2315922915478;5,35840866533499;0,766723323729478;40,2755373530006
"242";"Senecio_pinnatifolius";"Senecio pinnatifolius: Dune";10;"Senecio pinnatifolius: Walter et al 2018 greenhouse";"T5";NA;NA;NA;1,54945976385044;0,137435125494609;8,89234414966926;0,435358629426491;27,1925464179771;1,43279600084211;0,456796665890863;70,5854573040363
"243";"Senecio_pinnatifolius";"Senecio pinnatifolius: Dune";10;"Senecio pinnatifolius: Walter et al 2018 greenhouse";"T9";NA;NA;NA;1,54945976385044;0,137435125494609;8,89234414966926;0,435358629426491;38,1933669894306;4,18056789018257;0,929985859522355;51,348051547492
"244";"Senecio_pinnatifolius";"Senecio pinnatifolius: Dune";10;"Senecio pinnatifolius: Walter et al 2018 greenhouse";"W1";NA;NA;NA;1,54945976385044;0,137435125494609;8,89234414966926;0,435358629426491;100,062364866556;2,30466558143705;0,850013509697262;83,3445553741113
"245";"Senecio_pinnatifolius";"Senecio pinnatifolius: Dune";10;"Senecio pinnatifolius: Walter et al 2018 greenhouse";"W2";NA;NA;NA;1,54945976385044;0,137435125494609;8,89234414966926;0,435358629426491;102,022149943526;2,29701901940661;0,757169854354485;83,7473805810512
"246";"Senecio_pinnatifolius";"Senecio pinnatifolius: Dune";10;"Senecio pinnatifolius: Walter et al 2018 greenhouse";"W3";NA;NA;NA;1,54945976385044;0,137435125494609;8,89234414966926;0,435358629426491;109,41809753842;2,33903378454602;0,828157728105322;82,8470965509701
"247";"Senecio_pinnatifolius";"Senecio pinnatifolius: Dune";10;"Senecio pinnatifolius: Walter et al 2018 greenhouse";"W4";NA;NA;NA;1,54945976385044;0,137435125494609;8,89234414966926;0,435358629426491;70,9396168222633;2,41458226385176;1,02920996313797;89,1455357082542
"248";"Senecio_pinnatifolius";"Senecio pinnatifolius: Head";10;"Senecio pinnatifolius: Walter et al 2018 greenhouse";"D0";NA;NA;NA;9,94816231792147;0,228969065186964;56,7950372171937;0,99160349154499;41,1680695055968;11,6424309028882;4,96492387935762;81,6064817203652
"249";"Senecio_pinnatifolius";"Senecio pinnatifolius: Head";10;"Senecio pinnatifolius: Walter et al 2018 greenhouse";"D1";NA;NA;NA;9,94816231792147;0,228969065186964;56,7950372171937;0,99160349154499;35,4783870110598;16,029122947333;4,72136860859187;70,5649205609513
"250";"Senecio_pinnatifolius";"Senecio pinnatifolius: Head";10;"Senecio pinnatifolius: Walter et al 2018 greenhouse";"D3";NA;NA;NA;9,94816231792147;0,228969065186964;56,7950372171937;0,99160349154499;30,9375278380609;9,54799175782384;3,14632087022678;88,8920032347987
"251";"Senecio_pinnatifolius";"Senecio pinnatifolius: Head";10;"Senecio pinnatifolius: Walter et al 2018 greenhouse";"D4";NA;NA;NA;9,94816231792147;0,228969065186964;56,7950372171937;0,99160349154499;41,9446344624126;15,0454412400706;8,55376010111082;78,0563715982495
"252";"Senecio_pinnatifolius";"Senecio pinnatifolius: Head";10;"Senecio pinnatifolius: Walter et al 2018 greenhouse";"H0";NA;NA;NA;9,94816231792147;0,228969065186964;56,7950372171937;0,99160349154499;36,6526630067501;26,9736847372849;7,22855544095196;51,2650975359465
"253";"Senecio_pinnatifolius";"Senecio pinnatifolius: Head";10;"Senecio pinnatifolius: Walter et al 2018 greenhouse";"H1";NA;NA;NA;9,94816231792147;0,228969065186964;56,7950372171937;0,99160349154499;24,5396381733879;45,2625666279462;14,8853523991302;28,6518060335648
"254";"Senecio_pinnatifolius";"Senecio pinnatifolius: Head";10;"Senecio pinnatifolius: Walter et al 2018 greenhouse";"H2";NA;NA;NA;9,94816231792147;0,228969065186964;56,7950372171937;0,99160349154499;19,0559041187439;8,39347346700236;2,12251615845699;78,3808619712711
"255";"Senecio_pinnatifolius";"Senecio pinnatifolius: Head";10;"Senecio pinnatifolius: Walter et al 2018 greenhouse";"H5";NA;NA;NA;9,94816231792147;0,228969065186964;56,7950372171937;0,99160349154499;31,038367595737;14,8254216042952;5,11091732952727;67,8630179142484
"256";"Senecio_pinnatifolius";"Senecio pinnatifolius: Head";10;"Senecio pinnatifolius: Walter et al 2018 greenhouse";"T1";NA;NA;NA;9,94816231792147;0,228969065186964;56,7950372171937;0,99160349154499;69,3046559136576;21,4260395287571;4,43987507800521;62,7112521954786
"257";"Senecio_pinnatifolius";"Senecio pinnatifolius: Head";10;"Senecio pinnatifolius: Walter et al 2018 greenhouse";"T13";NA;NA;NA;9,94816231792147;0,228969065186964;56,7950372171937;0,99160349154499;64,8979234789019;15,572280831759;6,27412076427655;77,8192654887652
"258";"Senecio_pinnatifolius";"Senecio pinnatifolius: Head";10;"Senecio pinnatifolius: Walter et al 2018 greenhouse";"T5";NA;NA;NA;9,94816231792147;0,228969065186964;56,7950372171937;0,99160349154499;52,3691808655368;11,8731452378217;2,70206499645793;77,9531903971542
"259";"Senecio_pinnatifolius";"Senecio pinnatifolius: Head";10;"Senecio pinnatifolius: Walter et al 2018 greenhouse";"T9";NA;NA;NA;9,94816231792147;0,228969065186964;56,7950372171937;0,99160349154499;72,3206865915832;19,5473559947258;4,6101656985777;66,0213002644753
"260";"Senecio_pinnatifolius";"Senecio pinnatifolius: Head";10;"Senecio pinnatifolius: Walter et al 2018 greenhouse";"W1";NA;NA;NA;9,94816231792147;0,228969065186964;56,7950372171937;0,99160349154499;105,96303711255;44,5429414212144;4,09300774019554;29,1927055401233
"261";"Senecio_pinnatifolius";"Senecio pinnatifolius: Head";10;"Senecio pinnatifolius: Walter et al 2018 greenhouse";"W2";NA;NA;NA;9,94816231792147;0,228969065186964;56,7950372171937;0,99160349154499;114,475980738847;44,187081430892;2,91110781950077;29,5521830623917
"262";"Senecio_pinnatifolius";"Senecio pinnatifolius: Head";10;"Senecio pinnatifolius: Walter et al 2018 greenhouse";"W3";NA;NA;NA;9,94816231792147;0,228969065186964;56,7950372171937;0,99160349154499;113,991290056925;45,6280670322535;3,76368896469978;27,5925448832008
"263";"Senecio_pinnatifolius";"Senecio pinnatifolius: Head";10;"Senecio pinnatifolius: Walter et al 2018 greenhouse";"W4";NA;NA;NA;9,94816231792147;0,228969065186964;56,7950372171937;0,99160349154499;97,5563244056422;40,7771714464518;4,21416232776485;35,0160914440486
"264";"Senecio_pinnatifolius";"Senecio pinnatifolius: Table";10;"Senecio pinnatifolius: Walter et al 2018 greenhouse";"D0";NA;NA;NA;1,2894020712664;0,132460775363622;5,36502101114544;0,510740774077339;44,0806364852484;3,13259521717993;1,92449641809491;51,7843769548222
"265";"Senecio_pinnatifolius";"Senecio pinnatifolius: Table";10;"Senecio pinnatifolius: Walter et al 2018 greenhouse";"D1";NA;NA;NA;1,2894020712664;0,132460775363622;5,36502101114544;0,510740774077339;47,0539469085481;2,98756688827166;2,20044647510464;57,0078723214342
"266";"Senecio_pinnatifolius";"Senecio pinnatifolius: Table";10;"Senecio pinnatifolius: Walter et al 2018 greenhouse";"D3";NA;NA;NA;1,2894020712664;0,132460775363622;5,36502101114544;0,510740774077339;40,163089565964;3,33837743805598;2,27515714328213;52,6847850706451
"267";"Senecio_pinnatifolius";"Senecio pinnatifolius: Table";10;"Senecio pinnatifolius: Walter et al 2018 greenhouse";"D4";NA;NA;NA;1,2894020712664;0,132460775363622;5,36502101114544;0,510740774077339;26,4814453752604;2,5277955745321;1,59550308752809;64,0171112636702
"268";"Senecio_pinnatifolius";"Senecio pinnatifolius: Table";10;"Senecio pinnatifolius: Walter et al 2018 greenhouse";"H0";NA;NA;NA;1,2894020712664;0,132460775363622;5,36502101114544;0,510740774077339;79,4646564172805;3,91765361077866;2,67044134090567;41,0064620015238
"269";"Senecio_pinnatifolius";"Senecio pinnatifolius: Table";10;"Senecio pinnatifolius: Walter et al 2018 greenhouse";"H1";NA;NA;NA;1,2894020712664;0,132460775363622;5,36502101114544;0,510740774077339;72,7852529181392;3,40249504802371;2,44854498665084;50,450132113784
"270";"Senecio_pinnatifolius";"Senecio pinnatifolius: Table";10;"Senecio pinnatifolius: Walter et al 2018 greenhouse";"H2";NA;NA;NA;1,2894020712664;0,132460775363622;5,36502101114544;0,510740774077339;59,9827024875751;3,91467875512937;2,03912720402159;40,4751969724838
"271";"Senecio_pinnatifolius";"Senecio pinnatifolius: Table";10;"Senecio pinnatifolius: Walter et al 2018 greenhouse";"H5";NA;NA;NA;1,2894020712664;0,132460775363622;5,36502101114544;0,510740774077339;79,155264281084;3,91241426199768;2,06547587539352;39,2722307510059
"272";"Senecio_pinnatifolius";"Senecio pinnatifolius: Table";10;"Senecio pinnatifolius: Walter et al 2018 greenhouse";"T1";NA;NA;NA;1,2894020712664;0,132460775363622;5,36502101114544;0,510740774077339;6,42956115102927;1,08418915125455;0,539371461468416;88,6887485594816
"273";"Senecio_pinnatifolius";"Senecio pinnatifolius: Table";10;"Senecio pinnatifolius: Walter et al 2018 greenhouse";"T13";NA;NA;NA;1,2894020712664;0,132460775363622;5,36502101114544;0,510740774077339;22,0598681312303;1,76125192097773;1,09537593159305;72,7217856451393
"274";"Senecio_pinnatifolius";"Senecio pinnatifolius: Table";10;"Senecio pinnatifolius: Walter et al 2018 greenhouse";"T5";NA;NA;NA;1,2894020712664;0,132460775363622;5,36502101114544;0,510740774077339;33,7036060866011;2,73002172105559;1,02503984651331;53,4773232157981
"275";"Senecio_pinnatifolius";"Senecio pinnatifolius: Table";10;"Senecio pinnatifolius: Walter et al 2018 greenhouse";"T9";NA;NA;NA;1,2894020712664;0,132460775363622;5,36502101114544;0,510740774077339;6,87350269731347;1,37266012644114;0,748722510315338;69,510281767761
"276";"Senecio_pinnatifolius";"Senecio pinnatifolius: Table";10;"Senecio pinnatifolius: Walter et al 2018 greenhouse";"W1";NA;NA;NA;1,2894020712664;0,132460775363622;5,36502101114544;0,510740774077339;142,32714489926;2,20963023212464;1,51626535019255;66,7065818882541
"277";"Senecio_pinnatifolius";"Senecio pinnatifolius: Table";10;"Senecio pinnatifolius: Walter et al 2018 greenhouse";"W2";NA;NA;NA;1,2894020712664;0,132460775363622;5,36502101114544;0,510740774077339;152,658659982395;2,06169310850126;1,36087128472392;69,2342686333459
"278";"Senecio_pinnatifolius";"Senecio pinnatifolius: Table";10;"Senecio pinnatifolius: Walter et al 2018 greenhouse";"W3";NA;NA;NA;1,2894020712664;0,132460775363622;5,36502101114544;0,510740774077339;158,135717473491;2,16645787682911;1,46256537127369;67,4657208343406
"279";"Senecio_pinnatifolius";"Senecio pinnatifolius: Table";10;"Senecio pinnatifolius: Walter et al 2018 greenhouse";"W4";NA;NA;NA;1,2894020712664;0,132460775363622;5,36502101114544;0,510740774077339;116,876295253704;1,98834572973117;1,47397274658899;71,3545770018515
"280";"Senecio_pinnatifolius";"Senecio pinnatifolius: Wood";10;"Senecio pinnatifolius: Walter et al 2018 greenhouse";"D0";NA;NA;NA;5,75580478012321;0,140994443565117;28,5148548767807;1,01194017619207;60,0514216518407;24,3862226496928;8,33134259156644;24,2311807445398
"281";"Senecio_pinnatifolius";"Senecio pinnatifolius: Wood";10;"Senecio pinnatifolius: Walter et al 2018 greenhouse";"D1";NA;NA;NA;5,75580478012321;0,140994443565117;28,5148548767807;1,01194017619207;52,5174131726619;25,1919841702298;6,89968149551447;21,5350275140458
"282";"Senecio_pinnatifolius";"Senecio pinnatifolius: Wood";10;"Senecio pinnatifolius: Walter et al 2018 greenhouse";"D3";NA;NA;NA;5,75580478012321;0,140994443565117;28,5148548767807;1,01194017619207;63,2179885925217;25,0735709713015;6,1454484856056;21,6802554609318
"283";"Senecio_pinnatifolius";"Senecio pinnatifolius: Wood";10;"Senecio pinnatifolius: Walter et al 2018 greenhouse";"D4";NA;NA;NA;5,75580478012321;0,140994443565117;28,5148548767807;1,01194017619207;59,3740008259303;27,1359609855347;13,9775931717583;13,6142625196768
"284";"Senecio_pinnatifolius";"Senecio pinnatifolius: Wood";10;"Senecio pinnatifolius: Walter et al 2018 greenhouse";"H0";NA;NA;NA;5,75580478012321;0,140994443565117;28,5148548767807;1,01194017619207;78,1486432307838;13,3515108329467;3,36796136072526;52,2297989600024
"285";"Senecio_pinnatifolius";"Senecio pinnatifolius: Wood";10;"Senecio pinnatifolius: Walter et al 2018 greenhouse";"H1";NA;NA;NA;5,75580478012321;0,140994443565117;28,5148548767807;1,01194017619207;63,3475889927212;15,7443873521228;4,71645949651299;46,8267321761986
"286";"Senecio_pinnatifolius";"Senecio pinnatifolius: Wood";10;"Senecio pinnatifolius: Walter et al 2018 greenhouse";"H2";NA;NA;NA;5,75580478012321;0,140994443565117;28,5148548767807;1,01194017619207;88,2848374864649;19,8137542035728;5,43077840184647;36,5428865676215
"287";"Senecio_pinnatifolius";"Senecio pinnatifolius: Wood";10;"Senecio pinnatifolius: Walter et al 2018 greenhouse";"H5";NA;NA;NA;5,75580478012321;0,140994443565117;28,5148548767807;1,01194017619207;85,6369849742832;14,4708402163575;3,20233576805647;48,771534638289
"288";"Senecio_pinnatifolius";"Senecio pinnatifolius: Wood";10;"Senecio pinnatifolius: Walter et al 2018 greenhouse";"T1";NA;NA;NA;5,75580478012321;0,140994443565117;28,5148548767807;1,01194017619207;80,7494088862421;26,251745716535;11,7872756926723;17,5213788588723
"289";"Senecio_pinnatifolius";"Senecio pinnatifolius: Wood";10;"Senecio pinnatifolius: Walter et al 2018 greenhouse";"T13";NA;NA;NA;5,75580478012321;0,140994443565117;28,5148548767807;1,01194017619207;73,8780049262107;25,7080687514632;8,66217571310701;19,8644428267154
"290";"Senecio_pinnatifolius";"Senecio pinnatifolius: Wood";10;"Senecio pinnatifolius: Walter et al 2018 greenhouse";"T5";NA;NA;NA;5,75580478012321;0,140994443565117;28,5148548767807;1,01194017619207;80,8791154903848;23,792233230945;5,21993185295801;25,8407768335761
"291";"Senecio_pinnatifolius";"Senecio pinnatifolius: Wood";10;"Senecio pinnatifolius: Walter et al 2018 greenhouse";"T9";NA;NA;NA;5,75580478012321;0,140994443565117;28,5148548767807;1,01194017619207;84,4062781289767;25,8450210771227;9,06187673616308;19,1209213671682
"292";"Senecio_pinnatifolius";"Senecio pinnatifolius: Wood";10;"Senecio pinnatifolius: Walter et al 2018 greenhouse";"W1";NA;NA;NA;5,75580478012321;0,140994443565117;28,5148548767807;1,01194017619207;32,5903908470639;20,8075131855632;8,46179923902738;38,8245897808309
"293";"Senecio_pinnatifolius";"Senecio pinnatifolius: Wood";10;"Senecio pinnatifolius: Walter et al 2018 greenhouse";"W2";NA;NA;NA;5,75580478012321;0,140994443565117;28,5148548767807;1,01194017619207;28,3836944368696;23,8419987123892;14,8622274695914;32,8921731432515
"294";"Senecio_pinnatifolius";"Senecio pinnatifolius: Wood";10;"Senecio pinnatifolius: Walter et al 2018 greenhouse";"W3";NA;NA;NA;5,75580478012321;0,140994443565117;28,5148548767807;1,01194017619207;36,5356229031229;23,9528945997277;10,5649228931926;30,1977991063406
"295";"Senecio_pinnatifolius";"Senecio pinnatifolius: Wood";10;"Senecio pinnatifolius: Walter et al 2018 greenhouse";"W4";NA;NA;NA;5,75580478012321;0,140994443565117;28,5148548767807;1,01194017619207;18,026102886291;9,95817003327553;2,59851488110335;59,7597830639039
"296";"Arabidopsis_lyrata";"Arabidopsis lyrata: SPIT";4;"Arabidopsis lyrata: Puentes et al. 2016 common garden";"STUC";NA;NA;NA;5,72942942851373;0,631512052008331;16,5046341825568;2,20557455869544;27,231600911713;14,7711178470208;11,4243994889836;22,017414318139
"297";"Arabidopsis_lyrata";"Arabidopsis lyrata: SPIT";4;"Arabidopsis lyrata: Puentes et al. 2016 common garden";"STUS";NA;NA;NA;5,72942942851373;0,631512052008331;16,5046341825568;2,20557455869544;15,6153023984028;10,285419238952;4,28978080502146;43,5357117241848
"298";"Arabidopsis_lyrata";"Arabidopsis lyrata: SPIT";4;"Arabidopsis lyrata: Puentes et al. 2016 common garden";"VIS";NA;NA;NA;5,72942942851373;0,631512052008331;16,5046341825568;2,20557455869544;6,93760289683301;2,96813703480482;1,7268203359946;76,4746305621498
"299";"Arabidopsis_lyrata";"Arabidopsis lyrata: STUC";4;"Arabidopsis lyrata: Puentes et al. 2016 common garden";"SPIT";NA;NA;NA;1,09316730173455;0,355702485795123;1,86279861682067;0,840138587692133;31,4882473352407;1,63088416573554;1,32845155592788;26,4377627947752
"300";"Arabidopsis_lyrata";"Arabidopsis lyrata: STUC";4;"Arabidopsis lyrata: Puentes et al. 2016 common garden";"STUS";NA;NA;NA;1,09316730173455;0,355702485795123;1,86279861682067;0,840138587692133;16,7251030493056;1,83145735994969;1,7740483335574;11,3270381446313
"301";"Arabidopsis_lyrata";"Arabidopsis lyrata: STUC";4;"Arabidopsis lyrata: Puentes et al. 2016 common garden";"VIS";NA;NA;NA;1,09316730173455;0,355702485795123;1,86279861682067;0,840138587692133;32,9667696137896;1,67805271802676;1,44793972194084;28,3086717163977
"302";"Arabidopsis_lyrata";"Arabidopsis lyrata: STUS";4;"Arabidopsis lyrata: Puentes et al. 2016 common garden";"SPIT";NA;NA;NA;2,71301289280849;0,183306806285719;8,28535757655845;0,747737449151557;15,0761926122941;3,67474772966621;1,56469478841608;56,5289233387559
"303";"Arabidopsis_lyrata";"Arabidopsis lyrata: STUS";4;"Arabidopsis lyrata: Puentes et al. 2016 common garden";"STUC";NA;NA;NA;2,71301289280849;0,183306806285719;8,28535757655845;0,747737449151557;18,8292660615324;7,37301702277878;3,7005284246804;21,6735365998899
"304";"Arabidopsis_lyrata";"Arabidopsis lyrata: STUS";4;"Arabidopsis lyrata: Puentes et al. 2016 common garden";"VIS";NA;NA;NA;2,71301289280849;0,183306806285719;8,28535757655845;0,747737449151557;13,2019595961576;3,17515700057545;2,06327651154004;62,7696855659989
"305";"Arabidopsis_lyrata";"Arabidopsis lyrata: VIS";4;"Arabidopsis lyrata: Puentes et al. 2016 common garden";"SPIT";NA;NA;NA;4,72994787060286;0,2112738909513;12,1873120334325;1,12005831399249;7,2536381340936;3,13282423534758;0,883681877480298;72,6238909100205
"306";"Arabidopsis_lyrata";"Arabidopsis lyrata: VIS";4;"Arabidopsis lyrata: Puentes et al. 2016 common garden";"STUC";NA;NA;NA;4,72994787060286;0,2112738909513;12,1873120334325;1,12005831399249;29,7446112662188;9,16439390050117;7,4249238809566;42,4828861287844
"307";"Arabidopsis_lyrata";"Arabidopsis lyrata: VIS";4;"Arabidopsis lyrata: Puentes et al. 2016 common garden";"STUS";NA;NA;NA;4,72994787060286;0,2112738909513;12,1873120334325;1,12005831399249;12,7924377652443;6,49515595541271;5,48550467862781;67,0929453749545
"308";"Lythrum_salicaria";"Lythrum salicaria: 20 pops";7;"Lythrum salicaria: Colautti and Barrett 2011 greenhouse";"MDDB";NA;NA;NA;0,922535458852202;0,0507757758456108;3,97578174229399;0,255693243333577;14,565791638266;3,30013284912987;1,04858040304091;25,3515228391741
"309";"Lythrum_salicaria";"Lythrum salicaria: 20 pops";7;"Lythrum salicaria: Colautti and Barrett 2011 greenhouse";"NJHP";NA;NA;NA;0,922535458852202;0,0507757758456108;3,97578174229399;0,255693243333577;5,0551436042371;0,771364183471933;0,418282929870523;86,1099494728272
"310";"Lythrum_salicaria";"Lythrum salicaria: 20 pops";7;"Lythrum salicaria: Colautti and Barrett 2011 greenhouse";"NJPT";NA;NA;NA;0,922535458852202;0,0507757758456108;3,97578174229399;0,255693243333577;11,0542893668164;1,06078409994893;0,793424420340565;87,2272700521485
"311";"Lythrum_salicaria";"Lythrum salicaria: 20 pops";7;"Lythrum salicaria: Colautti and Barrett 2011 greenhouse";"NYCH";NA;NA;NA;0,922535458852202;0,0507757758456108;3,97578174229399;0,255693243333577;4,74196727765932;2,40242173509056;0,628668312401597;42,4021504650498
"312";"Lythrum_salicaria";"Lythrum salicaria: 20 pops";7;"Lythrum salicaria: Colautti and Barrett 2011 greenhouse";"NYLV";NA;NA;NA;0,922535458852202;0,0507757758456108;3,97578174229399;0,255693243333577;13,4085788651836;2,39393151065886;1,01051275052265;46,4727101060621
"313";"Lythrum_salicaria";"Lythrum salicaria: 20 pops";7;"Lythrum salicaria: Colautti and Barrett 2011 greenhouse";"NYSC";NA;NA;NA;0,922535458852202;0,0507757758456108;3,97578174229399;0,255693243333577;5,72078519261607;0,62507264158583;0,338777109403077;77,9736448354777
"314";"Lythrum_salicaria";"Lythrum salicaria: 20 pops";7;"Lythrum salicaria: Colautti and Barrett 2011 greenhouse";"NYWM";NA;NA;NA;0,922535458852202;0,0507757758456108;3,97578174229399;0,255693243333577;7,2385736346819;3,16899275010868;0,909415888776128;27,9934868440433
"315";"Lythrum_salicaria";"Lythrum salicaria: 20 pops";7;"Lythrum salicaria: Colautti and Barrett 2011 greenhouse";"OHBV";NA;NA;NA;0,922535458852202;0,0507757758456108;3,97578174229399;0,255693243333577;16,5327312904904;1,36245492264523;0,722471265849965;69,5708999396652
"316";"Lythrum_salicaria";"Lythrum salicaria: 20 pops";7;"Lythrum salicaria: Colautti and Barrett 2011 greenhouse";"OHSF";NA;NA;NA;0,922535458852202;0,0507757758456108;3,97578174229399;0,255693243333577;8,07874815945969;0,974671931372071;0,517111533547168;80,9834825405127
"317";"Lythrum_salicaria";"Lythrum salicaria: 20 pops";7;"Lythrum salicaria: Colautti and Barrett 2011 greenhouse";"ONDM";NA;NA;NA;0,922535458852202;0,0507757758456108;3,97578174229399;0,255693243333577;7,38341528050736;0,975003434857042;0,518838165807914;86,0258024080692
"318";"Lythrum_salicaria";"Lythrum salicaria: 20 pops";7;"Lythrum salicaria: Colautti and Barrett 2011 greenhouse";"ONEC";NA;NA;NA;0,922535458852202;0,0507757758456108;3,97578174229399;0,255693243333577;24,030264856533;2,41043805162998;1,08892080200826;46,6454221451908
"319";"Lythrum_salicaria";"Lythrum salicaria: 20 pops";7;"Lythrum salicaria: Colautti and Barrett 2011 greenhouse";"ONLG";NA;NA;NA;0,922535458852202;0,0507757758456108;3,97578174229399;0,255693243333577;6,31801801872478;0,513607652670036;0,332826371631868;86,6513642818264
"320";"Lythrum_salicaria";"Lythrum salicaria: 20 pops";7;"Lythrum salicaria: Colautti and Barrett 2011 greenhouse";"ONNO";NA;NA;NA;0,922535458852202;0,0507757758456108;3,97578174229399;0,255693243333577;16,4082018921139;1,66083406374665;0,802574883477085;61,8373631463395
"321";"Lythrum_salicaria";"Lythrum salicaria: 20 pops";7;"Lythrum salicaria: Colautti and Barrett 2011 greenhouse";"ONPG";NA;NA;NA;0,922535458852202;0,0507757758456108;3,97578174229399;0,255693243333577;15,5801383580587;1,40560765586129;0,634813090299132;64,8351992420842
"322";"Lythrum_salicaria";"Lythrum salicaria: 20 pops";7;"Lythrum salicaria: Colautti and Barrett 2011 greenhouse";"ONRO";NA;NA;NA;0,922535458852202;0,0507757758456108;3,97578174229399;0,255693243333577;12,922239375312;1,40566063049359;0,671516004034675;66,9440972952322
"323";"Lythrum_salicaria";"Lythrum salicaria: 20 pops";7;"Lythrum salicaria: Colautti and Barrett 2011 greenhouse";"ONRP";NA;NA;NA;0,922535458852202;0,0507757758456108;3,97578174229399;0,255693243333577;5,13795333128169;2,19940694977872;0,555197333199217;46,1200489685795
"324";"Lythrum_salicaria";"Lythrum salicaria: 20 pops";7;"Lythrum salicaria: Colautti and Barrett 2011 greenhouse";"ONTI";NA;NA;NA;0,922535458852202;0,0507757758456108;3,97578174229399;0,255693243333577;6,42862791974382;1,22832283779028;0,698765481610506;72,4145840643797
"325";"Lythrum_salicaria";"Lythrum salicaria: 20 pops";7;"Lythrum salicaria: Colautti and Barrett 2011 greenhouse";"ONWH";NA;NA;NA;0,922535458852202;0,0507757758456108;3,97578174229399;0,255693243333577;15,0172366566518;1,56009368074464;0,981100383120153;65,2848523892322
"326";"Lythrum_salicaria";"Lythrum salicaria: 20 pops";7;"Lythrum salicaria: Colautti and Barrett 2011 greenhouse";"PACL";NA;NA;NA;0,922535458852202;0,0507757758456108;3,97578174229399;0,255693243333577;8,88758300510211;2,62135648002553;1,70425669726368;44,0075523763468
"327";"Lythrum_salicaria";"Lythrum salicaria: 20 pops";7;"Lythrum salicaria: Colautti and Barrett 2011 greenhouse";"PASR";NA;NA;NA;0,922535458852202;0,0507757758456108;3,97578174229399;0,255693243333577;12,8987132623948;2,82619969536128;1,20856797094381;38,0771166465721
"328";"Silene_latifolia";"Silene latifolia: 3 pops";2;"Silene latifolia: Yu et al 2011 greenhouse";"B";"lin";1;"flo";0,459353887282652;0,219367531246144;0,69934024331916;0,425131995162537;1,81616337289036;0,656422077493532;0,584906246855017;17,3992503930535
"329";"Silene_latifolia";"Silene latifolia: 3 pops";2;"Silene latifolia: Yu et al 2011 greenhouse";"C";"lin";1;"flo";0,459353887282652;0,219367531246144;0,69934024331916;0,425131995162537;3,24786187849314;0,6372863262471;0,545134507674547;21,0734284854717
"330";"Silene_latifolia";"Silene latifolia: 3 pops";2;"Silene latifolia: Yu et al 2011 greenhouse";"Z";"lin";1;"flo";0,459353887282652;0,219367531246144;0,69934024331916;0,425131995162537;5,40045667987385;0,641582527203378;0,553585586800198;20,2974527951429
