OutcropSystem,SampCircle,SampCircleID,Plant,PlantID,FlwPos,FlowerID,Replicate,NDehAnth,Herkogamy.mm,PistilLength.mm,SepalLength.mm,SpurLength.mm
QBED1,1,QBED1-1,1*,QBED1-1-1*,31,QBED1-1-1*-31,1,20,3.92,20.7,14.94,31.48
QBED1,1,QBED1-1,1*,QBED1-1-1*,31,QBED1-1-1*-31,2,20,3.64,20.58,14.78,31.12
QBED1,1,QBED1-1,2,QBED1-1-2,1,QBED1-1-2-1,1,24,5.16,20,14.51,29.4
QBED1,1,QBED1-1,2,QBED1-1-2,1,QBED1-1-2-1,2,24,5.28,20.09,14.74,29.46
QBED1,1,QBED1-1,3,QBED1-1-3,21,QBED1-1-3-21,1,15,0,16.53,16.98,31.58
QBED1,1,QBED1-1,3,QBED1-1-3,21,QBED1-1-3-21,2,15,0,16.04,16.85,31.05
QBED1,1,QBED1-1,4,QBED1-1-4,211,QBED1-1-4-211,1,14,1.33,19.55,14.66,32.36
QBED1,1,QBED1-1,4,QBED1-1-4,211,QBED1-1-4-211,2,14,1.48,19.68,14.68,31.5
QBED1,1,QBED1-1,43*,QBED1-1-43*,1,QBED1-1-43*-1,1,30,6.77,21.81,15.51,30.61
QBED1,1,QBED1-1,43*,QBED1-1-43*,1,QBED1-1-43*-1,2,30,6.4,21.88,15.45,30.65
QBED1,1,QBED1-1,49,QBED1-1-49,41,QBED1-1-49-41,1,20,4.94,21.82,18.96,30.94
QBED1,1,QBED1-1,49,QBED1-1-49,41,QBED1-1-49-41,2,20,5.32,21.16,19.13,30.94
QBED1,1,QBED1-1,50,QBED1-1-50,1,QBED1-1-50-1,1,14,3.83,16.73,14.4,28.24
QBED1,1,QBED1-1,50,QBED1-1-50,1,QBED1-1-50-1,2,14,3.87,17.38,14.98,28.13
QBED1,1,QBED1-1,51,QBED1-1-51,1,QBED1-1-51-1,1,12,5.12,18.51,14.73,29.29
QBED1,1,QBED1-1,51,QBED1-1-51,1,QBED1-1-51-1,2,12,5.85,17.78,15.33,29.24
QBED1,1,QBED1-1,52,QBED1-1-52,1,QBED1-1-52-1,1,19,2.12,17.43,12.39,29.31
QBED1,1,QBED1-1,52,QBED1-1-52,1,QBED1-1-52-1,2,19,2.1,17.41,12.77,29.74
QBED1,1,QBED1-1,53,QBED1-1-53,21,QBED1-1-53-21,1,13,2.05,17.92,12.65,31.99
QBED1,1,QBED1-1,53,QBED1-1-53,21,QBED1-1-53-21,2,13,2.3,17.51,13.47,32.69
QBED1,1,QBED1-1,6*,QBED1-1-6*,1,QBED1-1-6*-1,1,17,2.97,20.42,15.73,29.28
QBED1,1,QBED1-1,6*,QBED1-1-6*,1,QBED1-1-6*-1,2,17,2.88,19.5,16.27,29.37
QBED1,1,QBED1-1,61,QBED1-1-61,1,QBED1-1-61-1,1,28,1.88,18.81,14.87,31.18
QBED1,1,QBED1-1,61,QBED1-1-61,1,QBED1-1-61-1,2,28,1.84,18.88,14.96,31.14
QBED1,1,QBED1-1,62,QBED1-1-62,21,QBED1-1-62-21,1,20,3.95,20.69,16.13,34.4
QBED1,1,QBED1-1,62,QBED1-1-62,21,QBED1-1-62-21,2,20,4.33,20.47,16.35,34.38
QBED1,1,QBED1-1,64,QBED1-1-64,41,QBED1-1-64-41,1,22,3.5,20.28,13.2,28.94
QBED1,1,QBED1-1,64,QBED1-1-64,41,QBED1-1-64-41,2,22,3.49,20.09,13.01,29.08
QBED1,1,QBED1-1,65,QBED1-1-65,1,QBED1-1-65-1,1,17,3.92,19.3,14,30.19
QBED1,1,QBED1-1,65,QBED1-1-65,1,QBED1-1-65-1,2,17,4.06,19.48,14.44,30.3
QBED1,1,QBED1-1,N2,QBED1-1-N2,31,QBED1-1-N2-31,1,18,2.13,19.65,17.77,33.54
QBED1,1,QBED1-1,N2,QBED1-1-N2,31,QBED1-1-N2-31,2,18,2.77,19.8,17.54,32.8
QBED1,1,QBED1-1,N3,QBED1-1-N3,21,QBED1-1-N3-21,1,23,0.18,18.59,16.95,32.25
QBED1,1,QBED1-1,N3,QBED1-1-N3,21,QBED1-1-N3-21,2,23,0.11,19.21,17.49,32.67
QBED1,1,QBED1-1,N4,QBED1-1-N4,11,QBED1-1-N4-11,1,24,4.77,20.57,15.96,30.74
QBED1,1,QBED1-1,N4,QBED1-1-N4,11,QBED1-1-N4-11,2,24,4.89,20.83,15.93,30.79
QBED1,1,QBED1-1,N43*,QBED1-1-N43*,1,QBED1-1-N43*-1,1,24,4.95,20.29,15.12,27.66
QBED1,1,QBED1-1,N43*,QBED1-1-N43*,1,QBED1-1-N43*-1,2,24,5.32,20.18,15.33,27.81
QBED1,1,QBED1-1,N44*,QBED1-1-N44*,31,QBED1-1-N44*-31,1,26,3.38,20.42,15.33,31.62
QBED1,1,QBED1-1,N44*,QBED1-1-N44*,31,QBED1-1-N44*-31,2,26,3.35,20.69,15.32,31.54
QBED1,1,QBED1-1,N51,QBED1-1-N51,1,QBED1-1-N51-1,1,11,1.77,17.9,14.57,31.71
QBED1,1,QBED1-1,N51,QBED1-1-N51,1,QBED1-1-N51-1,2,11,1.8,17.43,14.08,31.02
QBED1,1,QBED1-1,N52,QBED1-1-N52,1,QBED1-1-N52-1,1,20,4.11,20.11,13.92,33.3
QBED1,1,QBED1-1,N52,QBED1-1-N52,1,QBED1-1-N52-1,2,20,4.11,19.8,14.72,33.1
QBED1,1,QBED1-1,N6*,QBED1-1-N6*,1,QBED1-1-N6*-1,1,28,4.59,20.56,14.85,30.97
QBED1,1,QBED1-1,N6*,QBED1-1-N6*,1,QBED1-1-N6*-1,2,28,4.57,20.31,14.78,30.62
QBED1,2,QBED1-2,10,QBED1-2-10,1,QBED1-2-10-1,1,10,0.42,19.33,14.61,31.65
QBED1,2,QBED1-2,10,QBED1-2-10,1,QBED1-2-10-1,2,10,0.55,19.18,14.9,32.02
QBED1,2,QBED1-2,11,QBED1-2-11,1,QBED1-2-11-1,1,11,4.1,20.14,17.92,29.5
QBED1,2,QBED1-2,11,QBED1-2-11,1,QBED1-2-11-1,2,11,4.19,20.26,17.87,29.55
QBED1,2,QBED1-2,12,QBED1-2-12,31,QBED1-2-12-31,1,19,2.36,19.98,16.45,31.07
QBED1,2,QBED1-2,12,QBED1-2-12,31,QBED1-2-12-31,2,19,2.05,20.24,16.95,31.43
QBED1,2,QBED1-2,33,QBED1-2-33,111,QBED1-2-33-111,1,21,5.18,20.31,16.08,32.03
QBED1,2,QBED1-2,33,QBED1-2-33,111,QBED1-2-33-111,2,21,4.76,20.66,16.48,32.32
QBED1,2,QBED1-2,34,QBED1-2-34,1,QBED1-2-34-1,1,19,0.69,20.87,16.27,33.54
QBED1,2,QBED1-2,34,QBED1-2-34,1,QBED1-2-34-1,2,19,0.61,20.72,16.19,33.5
QBED1,2,QBED1-2,36,QBED1-2-36,1,QBED1-2-36-1,1,19,5.18,19.04,14.76,27.81
QBED1,2,QBED1-2,36,QBED1-2-36,1,QBED1-2-36-1,2,19,4.74,19.08,14.41,27.89
QBED1,2,QBED1-2,37,QBED1-2-37,1,QBED1-2-37-1,1,10,0,18.03,15.38,29.37
QBED1,2,QBED1-2,37,QBED1-2-37,1,QBED1-2-37-1,2,10,0,17.92,15.72,29.77
QBED1,2,QBED1-2,67,QBED1-2-67,1,QBED1-2-67-1,1,11,4.1,17.42,13.94,28.65
QBED1,2,QBED1-2,67,QBED1-2-67,1,QBED1-2-67-1,2,11,4.46,17.36,13.76,28.72
QBED1,2,QBED1-2,68,QBED1-2-68,1,QBED1-2-68-1,1,15,2.43,16.46,10.39,28.74
QBED1,2,QBED1-2,68,QBED1-2-68,1,QBED1-2-68-1,2,15,2.37,16.35,10.3,28.63
QBED1,2,QBED1-2,69,QBED1-2-69,1,QBED1-2-69-1,1,29,3.48,20.89,16.21,33.95
QBED1,2,QBED1-2,69,QBED1-2-69,1,QBED1-2-69-1,2,29,3.31,21.03,15.76,33.89
QBED1,2,QBED1-2,70,QBED1-2-70,1,QBED1-2-70-1,1,15,0,16.34,15.08,34.02
QBED1,2,QBED1-2,70,QBED1-2-70,1,QBED1-2-70-1,2,15,0,16.74,15.27,34.44
QBED1,2,QBED1-2,71,QBED1-2-71,1,QBED1-2-71-1,1,12,0.58,16.45,13.49,30.19
QBED1,2,QBED1-2,71,QBED1-2-71,1,QBED1-2-71-1,2,12,0.66,16.18,13.52,30.44
QBED1,2,QBED1-2,9,QBED1-2-9,21,QBED1-2-9-21,1,18,7.53,24.05,16.98,31.95
QBED1,2,QBED1-2,9,QBED1-2-9,21,QBED1-2-9-21,2,18,7.08,23.94,16.6,32.06
QBED1,2,QBED1-2,N11,QBED1-2-N11,1,QBED1-2-N11-1,1,12,3.06,20.26,16.16,29.81
QBED1,2,QBED1-2,N11,QBED1-2-N11,1,QBED1-2-N11-1,2,12,2.57,20.41,16.3,29.95
QBED1,2,QBED1-2,N12,QBED1-2-N12,31,QBED1-2-N12-31,1,23,5.33,23.83,18.68,32.98
QBED1,2,QBED1-2,N12,QBED1-2-N12,31,QBED1-2-N12-31,2,23,5.23,24.07,18.92,32.72
QBED1,2,QBED1-2,N13,QBED1-2-N13,1,QBED1-2-N13-1,1,28,6.15,22.16,17.04,31.64
QBED1,2,QBED1-2,N13,QBED1-2-N13,1,QBED1-2-N13-1,2,28,5.71,22.61,17.11,31.64
QBED1,2,QBED1-2,N33,QBED1-2-N33,411,QBED1-2-N33-411,1,26,4.67,21.97,15.62,33.6
QBED1,2,QBED1-2,N33,QBED1-2-N33,411,QBED1-2-N33-411,2,26,4.26,21.24,15.61,33.8
QBED1,2,QBED1-2,N34,QBED1-2-N34,1,QBED1-2-N34-1,1,21,3.65,19.33,14.5,31.51
QBED1,2,QBED1-2,N34,QBED1-2-N34,1,QBED1-2-N34-1,2,21,3.29,19.45,14.09,31.33
QBED1,2,QBED1-2,N35,QBED1-2-N35,1,QBED1-2-N35-1,1,23,2.87,19.52,15.3,31.76
QBED1,2,QBED1-2,N35,QBED1-2-N35,1,QBED1-2-N35-1,2,23,2.94,19.96,15.25,31.92
QBED1,2,QBED1-2,N37,QBED1-2-N37,1,QBED1-2-N37-1,1,15,0.2,19.45,16.8,31.9
QBED1,2,QBED1-2,N37,QBED1-2-N37,1,QBED1-2-N37-1,2,15,0.4,19.33,16.53,31.84
QBED1,2,QBED1-2,N71,QBED1-2-N71,21,QBED1-2-N71-21,1,18,2.73,19.18,15.22,32.04
QBED1,2,QBED1-2,N71,QBED1-2-N71,21,QBED1-2-N71-21,2,18,2.58,18.93,14.95,31.99
QBED1,2,QBED1-2,N8,QBED1-2-N8,1,QBED1-2-N8-1,1,32,6.45,20.75,15.16,29.86
QBED1,2,QBED1-2,N8,QBED1-2-N8,1,QBED1-2-N8-1,2,32,6.71,20.78,15.11,29.69
QBED1,2,QBED1-2,N9,QBED1-2-N9,1,QBED1-2-N9-1,1,18,6.52,21.58,16.12,31.87
QBED1,2,QBED1-2,N9,QBED1-2-N9,1,QBED1-2-N9-1,2,18,6.82,22.14,15.67,31.4
QBED2,1,QBED2-1,12,QBED2-1-12,1,QBED2-1-12-1,1,16,3.06,19.36,13.9,28.58
QBED2,1,QBED2-1,12,QBED2-1-12,1,QBED2-1-12-1,2,16,2.97,19.05,13.69,28.28
QBED2,1,QBED2-1,13,QBED2-1-13,41,QBED2-1-13-41,1,29,4.93,23.43,18.45,31.83
QBED2,1,QBED2-1,13,QBED2-1-13,41,QBED2-1-13-41,2,29,5.32,23.82,18.34,31.8
QBED2,1,QBED2-1,14,QBED2-1-14,31,QBED2-1-14-31,1,21,1.13,18.34,15.48,33.28
QBED2,1,QBED2-1,14,QBED2-1-14,31,QBED2-1-14-31,2,21,1.1,19.06,15.2,33.18
QBED2,1,QBED2-1,16,QBED2-1-16,1,QBED2-1-16-1,1,27,1.54,17.72,16.29,31.21
QBED2,1,QBED2-1,16,QBED2-1-16,1,QBED2-1-16-1,2,27,1.34,18.06,16.25,31.47
QBED2,1,QBED2-1,17,QBED2-1-17,1,QBED2-1-17-1,1,17,3.06,12.81,14.98,24.82
QBED2,1,QBED2-1,17,QBED2-1-17,1,QBED2-1-17-1,2,17,2.92,12.8,15.02,25.53
QBED2,1,QBED2-1,18,QBED2-1-18,511,QBED2-1-18-511,1,26,4.32,20.37,18.18,29.64
QBED2,1,QBED2-1,18,QBED2-1-18,511,QBED2-1-18-511,2,26,4.4,20.51,17.69,29.57
QBED2,1,QBED2-1,19,QBED2-1-19,1,QBED2-1-19-1,1,10,1.64,20.24,18.13,32.56
QBED2,1,QBED2-1,19,QBED2-1-19,1,QBED2-1-19-1,2,10,1.8,20.26,18.05,32.52
QBED2,1,QBED2-1,20,QBED2-1-20,1,QBED2-1-20-1,1,32,6.04,20.68,15.13,29.09
QBED2,1,QBED2-1,20,QBED2-1-20,1,QBED2-1-20-1,2,32,5.73,20.2,14.84,28.9
QBED2,1,QBED2-1,21,QBED2-1-21,1,QBED2-1-21-1,1,19,3.08,18.68,14.28,28.87
QBED2,1,QBED2-1,21,QBED2-1-21,1,QBED2-1-21-1,2,19,2.73,18.34,14.64,29.05
QBED2,1,QBED2-1,22,QBED2-1-22,2,QBED2-1-22-2,1,23,6.45,21.45,16.2,31.25
QBED2,1,QBED2-1,22,QBED2-1-22,2,QBED2-1-22-2,2,23,6.48,21.72,16.71,31
QBED2,1,QBED2-1,23,QBED2-1-23,211,QBED2-1-23-211,1,19,2.5,19.65,17.82,32.69
QBED2,1,QBED2-1,23,QBED2-1-23,211,QBED2-1-23-211,2,19,2.96,20.21,17.33,32.68
QBED2,1,QBED2-1,24,QBED2-1-24,11,QBED2-1-24-11,1,14,1.26,17.64,14.75,29.74
QBED2,1,QBED2-1,24,QBED2-1-24,11,QBED2-1-24-11,2,14,1.25,18.23,14.62,29.22
QBED2,1,QBED2-1,25,QBED2-1-25,1,QBED2-1-25-1,1,8,0.65,16.18,13.02,25.09
QBED2,1,QBED2-1,25,QBED2-1-25,1,QBED2-1-25-1,2,8,0.69,16.21,12.68,25.07
QBED2,1,QBED2-1,26,QBED2-1-26,1,QBED2-1-26-1,1,12,2.86,16,14.53,27.59
QBED2,1,QBED2-1,26,QBED2-1-26,1,QBED2-1-26-1,2,12,3.16,15.51,13.99,27.95
QBED2,1,QBED2-1,54,QBED2-1-54,1,QBED2-1-54-1,1,26,4.56,21.27,14.02,31.04
QBED2,1,QBED2-1,54,QBED2-1-54,1,QBED2-1-54-1,2,26,4.74,21.23,13.75,31.32
QBED2,1,QBED2-1,58,QBED2-1-58,411,QBED2-1-58-411,1,10,4.43,20.47,14.22,30.66
QBED2,1,QBED2-1,58,QBED2-1-58,411,QBED2-1-58-411,2,10,4.48,20.7,14.56,30.88
QBED2,1,QBED2-1,59,QBED2-1-59,1,QBED2-1-59-1,1,10,1.55,17.71,16.57,30.11
QBED2,1,QBED2-1,59,QBED2-1-59,1,QBED2-1-59-1,2,10,1.46,17.58,16.73,30.2
QBED2,1,QBED2-1,N13,QBED2-1-N13,311,QBED2-1-N13-311,1,30,4.13,22.66,17.29,31.56
QBED2,1,QBED2-1,N13,QBED2-1-N13,311,QBED2-1-N13-311,2,30,4.14,22.66,16.92,31.59
QBED2,1,QBED2-1,N14,QBED2-1-N14,31,QBED2-1-N14-31,1,14,0.29,17.44,13.67,29.52
QBED2,1,QBED2-1,N14,QBED2-1-N14,31,QBED2-1-N14-31,2,14,0.38,17.89,13.93,29.69
QBED2,1,QBED2-1,N16,QBED2-1-N16,21,QBED2-1-N16-21,1,11,5,21.1,17.64,33.66
QBED2,1,QBED2-1,N16,QBED2-1-N16,21,QBED2-1-N16-21,2,11,4.54,21.62,17,34.02
QBED2,1,QBED2-1,N17,QBED2-1-N17,21,QBED2-1-N17-21,1,10,0,12.5,18.08,31.04
QBED2,1,QBED2-1,N17,QBED2-1-N17,21,QBED2-1-N17-21,2,10,0,12.74,18.56,30.88
QBED2,1,QBED2-1,N20,QBED2-1-N20,1,QBED2-1-N20-1,1,21,2.7,17.86,16.68,30.06
QBED2,1,QBED2-1,N20,QBED2-1-N20,1,QBED2-1-N20-1,2,21,2.94,17.4,17.25,30.4
QBED2,1,QBED2-1,N23,QBED2-1-N23,311,QBED2-1-N23-311,1,18,2.91,20.11,17.6,31.29
QBED2,1,QBED2-1,N23,QBED2-1-N23,311,QBED2-1-N23-311,2,18,2.55,19.65,17.11,31.3
QBED2,1,QBED2-1,N25,QBED2-1-N25,1,QBED2-1-N25-1,1,15,0,12.73,14.47,22.63
QBED2,1,QBED2-1,N25,QBED2-1-N25,1,QBED2-1-N25-1,2,15,0,13.32,14.58,22.47
QBED2,1,QBED2-1,N26,QBED2-1-N26,1,QBED2-1-N26-1,1,15,5.19,19.27,16.96,26.5
QBED2,1,QBED2-1,N26,QBED2-1-N26,1,QBED2-1-N26-1,2,15,5.01,19.61,16.69,26.72
QBED2,2,QBED2-2,1,QBED2-2-1,1,QBED2-2-1-1,1,22,2.6,18.61,13,31
QBED2,2,QBED2-2,1,QBED2-2-1,1,QBED2-2-1-1,2,22,2.54,18.7,13.22,31.11
QBED2,2,QBED2-2,2,QBED2-2-2,1,QBED2-2-2-1,1,15,1.86,18.28,13.58,27.39
QBED2,2,QBED2-2,2,QBED2-2-2,1,QBED2-2-2-1,2,15,1.9,18.76,13.65,27.21
QBED2,2,QBED2-2,28,QBED2-2-28,1,QBED2-2-28-1,1,14,1.7,15.51,14.07,27.1
QBED2,2,QBED2-2,28,QBED2-2-28,1,QBED2-2-28-1,2,14,1.77,15.64,13.94,27.28
QBED2,2,QBED2-2,29,QBED2-2-29,1,QBED2-2-29-1,1,19,2.25,18.03,16.34,29.83
QBED2,2,QBED2-2,29,QBED2-2-29,1,QBED2-2-29-1,2,19,2.59,18.43,16.46,29.72
QBED2,2,QBED2-2,3,QBED2-2-3,11,QBED2-2-3-11,1,18,3.66,20.02,13.09,30.54
QBED2,2,QBED2-2,3,QBED2-2-3,11,QBED2-2-3-11,2,18,3.19,20.34,12.62,30.08
QBED2,2,QBED2-2,31,QBED2-2-31,1,QBED2-2-31-1,1,25,3.52,21.75,12.75,27.75
QBED2,2,QBED2-2,31,QBED2-2-31,1,QBED2-2-31-1,2,25,3.96,21.59,13.05,27.79
QBED2,2,QBED2-2,32,QBED2-2-32,1,QBED2-2-32-1,1,10,5.43,20.29,17.28,30
QBED2,2,QBED2-2,32,QBED2-2-32,1,QBED2-2-32-1,2,10,5,20.18,16.6,29.85
QBED2,2,QBED2-2,33,QBED2-2-33,1,QBED2-2-33-1,1,10,4.47,21.19,14.63,28.81
QBED2,2,QBED2-2,33,QBED2-2-33,1,QBED2-2-33-1,2,10,4.61,20.73,15.13,28.62
QBED2,2,QBED2-2,34,QBED2-2-34,1,QBED2-2-34-1,1,16,4.64,22.03,13.13,31.88
QBED2,2,QBED2-2,34,QBED2-2-34,1,QBED2-2-34-1,2,16,4.19,22.14,13.3,31.92
QBED2,2,QBED2-2,35,QBED2-2-35,1,QBED2-2-35-1,1,21,2.14,19.11,11.84,27.53
QBED2,2,QBED2-2,35,QBED2-2-35,1,QBED2-2-35-1,2,21,1.96,19.36,12.02,27.76
QBED2,2,QBED2-2,36,QBED2-2-36,1,QBED2-2-36-1,1,24,4.29,19.93,17.22,29.37
QBED2,2,QBED2-2,36,QBED2-2-36,1,QBED2-2-36-1,2,24,4.22,20.42,17.31,29.21
QBED2,2,QBED2-2,37,QBED2-2-37,11,QBED2-2-37-11,1,28,3.7,19.45,11.72,30.3
QBED2,2,QBED2-2,37,QBED2-2-37,11,QBED2-2-37-11,2,28,3.84,19.65,12.16,30.49
QBED2,2,QBED2-2,39,QBED2-2-39,21,QBED2-2-39-21,1,17,2.75,19.74,13.64,29.31
QBED2,2,QBED2-2,39,QBED2-2-39,21,QBED2-2-39-21,2,17,2.7,19.81,13.37,29.48
QBED2,2,QBED2-2,4,QBED2-2-4,1,QBED2-2-4-1,1,14,2.36,18.95,13.5,31.26
QBED2,2,QBED2-2,4,QBED2-2-4,1,QBED2-2-4-1,2,14,2.69,19.18,13.07,31.34
QBED2,2,QBED2-2,40,QBED2-2-40,1,QBED2-2-40-1,1,14,5.86,22.35,14.67,28.86
QBED2,2,QBED2-2,40,QBED2-2-40,1,QBED2-2-40-1,2,14,5.35,21.8,14.08,29.02
QBED2,2,QBED2-2,56,QBED2-2-56,1,QBED2-2-56-1,1,11,3.07,21.19,14.98,28.54
QBED2,2,QBED2-2,56,QBED2-2-56,1,QBED2-2-56-1,2,11,2.98,20.88,15.03,28.67
QBED2,2,QBED2-2,57,QBED2-2-57,1,QBED2-2-57-1,1,31,1.38,17.62,14.68,31.7
QBED2,2,QBED2-2,57,QBED2-2-57,1,QBED2-2-57-1,2,31,1.19,17.98,14.94,31.88
QBED2,2,QBED2-2,60,QBED2-2-60,1,QBED2-2-60-1,1,25,3.5,19.63,13.9,28.84
QBED2,2,QBED2-2,60,QBED2-2-60,1,QBED2-2-60-1,2,25,3.56,19.29,13.54,28.74
QBED2,2,QBED2-2,7,QBED2-2-7,41,QBED2-2-7-41,1,12,2.26,22.22,14.52,32.16
QBED2,2,QBED2-2,7,QBED2-2-7,41,QBED2-2-7-41,2,12,2.27,21.98,14.64,32.4
QBED2,2,QBED2-2,N36,QBED2-2-N36,1,QBED2-2-N36-1,1,21,4.02,21.37,17.74,30.17
QBED2,2,QBED2-2,N36,QBED2-2-N36,1,QBED2-2-N36-1,2,21,4.41,21.79,16.9,30.21
QBED2,2,QBED2-2,N39,QBED2-2-N39,1,QBED2-2-N39-1,1,27,4.48,21.4,16.86,31.44
QBED2,2,QBED2-2,N39,QBED2-2-N39,1,QBED2-2-N39-1,2,27,4.56,21.14,16.67,31.63
QBED2,2,QBED2-2,N7,QBED2-2-N7,21,QBED2-2-N7-21,1,15,1.75,18.03,14.36,30.32
QBED2,2,QBED2-2,N7,QBED2-2-N7,21,QBED2-2-N7-21,2,15,1.6,18.28,14.48,30.03
QLL1,1,QLL1-1,10,QLL1-1-10,21,QLL1-1-10-21,1,20,5.27,18.62,15.53,21.82
QLL1,1,QLL1-1,10,QLL1-1-10,21,QLL1-1-10-21,2,20,5.2,18.34,15.37,21.55
QLL1,1,QLL1-1,11,QLL1-1-11,1,QLL1-1-11-1,1,18,2.47,20.75,16.61,32.78
QLL1,1,QLL1-1,11,QLL1-1-11,1,QLL1-1-11-1,2,18,2.4,20.43,16.31,33.18
QLL1,1,QLL1-1,12,QLL1-1-12,21,QLL1-1-12-21,1,14,3.68,19.93,13.85,32.88
QLL1,1,QLL1-1,12,QLL1-1-12,21,QLL1-1-12-21,2,14,3.52,20.21,14.25,32.73
QLL1,1,QLL1-1,13,QLL1-1-13,1,QLL1-1-13-1,1,18,3.39,20.92,18.59,33.06
QLL1,1,QLL1-1,13,QLL1-1-13,1,QLL1-1-13-1,2,18,3.35,21.12,18.84,33.15
QLL1,1,QLL1-1,14,QLL1-1-14,21,QLL1-1-14-21,1,13,3.1,18.38,13.82,32.92
QLL1,1,QLL1-1,14,QLL1-1-14,21,QLL1-1-14-21,2,13,3.35,18.51,13.82,32.85
QLL1,1,QLL1-1,15,QLL1-1-15,1,QLL1-1-15-1,1,22,5.27,22.29,15.52,31.3
QLL1,1,QLL1-1,15,QLL1-1-15,1,QLL1-1-15-1,2,22,5.25,22.21,15.8,31.03
QLL1,1,QLL1-1,16,QLL1-1-16,1,QLL1-1-16-1,1,11,6.04,23.29,18.6,33.57
QLL1,1,QLL1-1,16,QLL1-1-16,1,QLL1-1-16-1,2,11,5.69,23.57,19.07,33.7
QLL1,1,QLL1-1,1A,QLL1-1-1A,1,QLL1-1-1A-1,1,24,3.5,21.56,18.63,33.36
QLL1,1,QLL1-1,1A,QLL1-1-1A,1,QLL1-1-1A-1,2,24,3.6,21.43,18.54,33.21
QLL1,1,QLL1-1,1B,QLL1-1-1B,21,QLL1-1-1B-21,1,17,4.54,22.22,18.11,33.09
QLL1,1,QLL1-1,1B,QLL1-1-1B,21,QLL1-1-1B-21,2,17,4.34,22.07,18.08,33
QLL1,1,QLL1-1,1C,QLL1-1-1C,21,QLL1-1-1C-21,1,21,3.67,19.43,15.96,30.47
QLL1,1,QLL1-1,1C,QLL1-1-1C,21,QLL1-1-1C-21,2,21,3.8,19.47,15.81,30.66
QLL1,1,QLL1-1,1D,QLL1-1-1D,1,QLL1-1-1D-1,1,25,7.06,25.82,15.72,34.76
QLL1,1,QLL1-1,1D,QLL1-1-1D,1,QLL1-1-1D-1,2,25,7.22,26.16,16,34.5
QLL1,1,QLL1-1,29,QLL1-1-29,1,QLL1-1-29-1,1,19,5.38,21.56,13.1,30.8
QLL1,1,QLL1-1,29,QLL1-1-29,1,QLL1-1-29-1,2,19,5.24,21.51,13.27,30.7
QLL1,1,QLL1-1,7,QLL1-1-7,1,QLL1-1-7-1,1,12,2.05,19.6,16.41,30.54
QLL1,1,QLL1-1,7,QLL1-1-7,1,QLL1-1-7-1,2,12,2.08,19.31,16.3,30.72
QLL1,1,QLL1-1,8,QLL1-1-8,21,QLL1-1-8-21,1,18,4.18,19.17,13.51,27.71
QLL1,1,QLL1-1,8,QLL1-1-8,21,QLL1-1-8-21,2,18,3.91,19.2,13.64,28.33
QLL1,1,QLL1-1,9,QLL1-1-9,1,QLL1-1-9-1,1,22,3.14,19.22,16.49,30.67
QLL1,1,QLL1-1,9,QLL1-1-9,1,QLL1-1-9-1,2,22,3.17,19.3,16.76,30.89
QLL1,1,QLL1-1,N10,QLL1-1-N10,1,QLL1-1-N10-1,1,15,2.73,17.88,16.3,29.52
QLL1,1,QLL1-1,N10,QLL1-1-N10,1,QLL1-1-N10-1,2,15,2.48,18.03,15.95,29.71
QLL1,1,QLL1-1,N11,QLL1-1-N11,1,QLL1-1-N11-1,1,12,4.91,21.43,17.75,30.93
QLL1,1,QLL1-1,N11,QLL1-1-N11,1,QLL1-1-N11-1,2,12,5.06,21.63,17.47,31.19
QLL1,1,QLL1-1,N12,QLL1-1-N12,1,QLL1-1-N12-1,1,26,5.51,23.08,18.53,32.48
QLL1,1,QLL1-1,N12,QLL1-1-N12,1,QLL1-1-N12-1,2,26,5.58,22.9,18.4,32.18
QLL1,1,QLL1-1,N13,QLL1-1-N13,21,QLL1-1-N13-21,1,25,8.66,25.19,18.3,32.73
QLL1,1,QLL1-1,N13,QLL1-1-N13,21,QLL1-1-N13-21,2,25,8.58,25.27,18.12,32.6
QLL1,1,QLL1-1,N14,QLL1-1-N14,1,QLL1-1-N14-1,1,24,2.81,21.57,15.66,34.7
QLL1,1,QLL1-1,N14,QLL1-1-N14,1,QLL1-1-N14-1,2,24,2.71,21.09,15.49,34.88
QLL1,1,QLL1-1,N16,QLL1-1-N16,1,QLL1-1-N16-1,1,18,3.2,21.29,15.42,32.77
QLL1,1,QLL1-1,N16,QLL1-1-N16,1,QLL1-1-N16-1,2,18,3.01,21.12,15.25,33.13
QLL1,1,QLL1-1,N7,QLL1-1-N7,1,QLL1-1-N7-1,1,23,4.13,20.55,16.3,29.83
QLL1,1,QLL1-1,N7,QLL1-1-N7,1,QLL1-1-N7-1,2,23,4.33,20.62,15.88,30.93
QLL1,1,QLL1-1,N8,QLL1-1-N8,21,QLL1-1-N8-21,1,14,5.05,21.28,14.37,30.66
QLL1,1,QLL1-1,N8,QLL1-1-N8,21,QLL1-1-N8-21,2,14,4.96,21.21,14.23,30.39
QLL1,1,QLL1-1,N9,QLL1-1-N9,21,QLL1-1-N9-21,1,19,3.08,19.2,14.52,28.39
QLL1,1,QLL1-1,N9,QLL1-1-N9,21,QLL1-1-N9-21,2,19,3.08,19.06,14.3,28.57
QLL1,2,QLL1-2,24,QLL1-2-24,31,QLL1-2-24-31,1,26,6.25,24.41,16.53,30.67
QLL1,2,QLL1-2,24,QLL1-2-24,31,QLL1-2-24-31,2,26,6.37,23.9,16.72,30.74
QLL1,2,QLL1-2,25,QLL1-2-25,1,QLL1-2-25-1,1,11,4.29,19.47,17.47,30.35
QLL1,2,QLL1-2,25,QLL1-2-25,1,QLL1-2-25-1,2,11,4.3,19.55,17.42,30.56
QLL1,2,QLL1-2,26,QLL1-2-26,21,QLL1-2-26-21,1,14,3.21,19.85,18.56,34.7
QLL1,2,QLL1-2,26,QLL1-2-26,21,QLL1-2-26-21,2,14,3.42,19.94,18.87,34.75
QLL1,2,QLL1-2,2A,QLL1-2-2A,1,QLL1-2-2A-1,1,16,1.7,18.86,14.08,28.12
QLL1,2,QLL1-2,2A,QLL1-2-2A,1,QLL1-2-2A-1,2,16,1.66,18.7,14.6,28.3
QLL1,2,QLL1-2,2B,QLL1-2-2B,1,QLL1-2-2B-1,1,15,0,11.74,10.62,21.2
QLL1,2,QLL1-2,2B,QLL1-2-2B,1,QLL1-2-2B-1,2,15,0,11.84,10.34,21.64
QLL1,2,QLL1-2,2C,QLL1-2-2C,11,QLL1-2-2C-11,1,11,3.18,19.94,13.38,30.92
QLL1,2,QLL1-2,2C,QLL1-2-2C,11,QLL1-2-2C-11,2,11,3.34,19.8,13.4,31.22
QLL1,2,QLL1-2,2D,QLL1-2-2D,31,QLL1-2-2D-31,1,23,1.52,20.96,12.94,29.78
QLL1,2,QLL1-2,2D,QLL1-2-2D,31,QLL1-2-2D-31,2,23,1.56,20.58,13,29.8
QLL1,2,QLL1-2,2E,QLL1-2-2E,11,QLL1-2-2E-11,1,11,2.62,17.2,14.14,31.66
QLL1,2,QLL1-2,2E,QLL1-2-2E,11,QLL1-2-2E-11,2,11,2.5,17.4,14.02,31.7
QLL1,2,QLL1-2,2F,QLL1-2-2F,21,QLL1-2-2F-21,1,13,2.84,19.74,14.06,33.84
QLL1,2,QLL1-2,2F,QLL1-2-2F,21,QLL1-2-2F-21,2,13,2.8,19.96,14,33.92
QLL1,2,QLL1-2,2G,QLL1-2-2G,21,QLL1-2-2G-21,1,27,1.8,18.4,13.74,42.42
QLL1,2,QLL1-2,2G,QLL1-2-2G,21,QLL1-2-2G-21,2,27,1.82,18.8,13.32,42.74
QLL1,2,QLL1-2,2H,QLL1-2-2H,1,QLL1-2-2H-1,1,15,0,12,15.6,31.42
QLL1,2,QLL1-2,2H,QLL1-2-2H,1,QLL1-2-2H-1,2,15,0,11.9,15.8,31.42
QLL1,2,QLL1-2,2I,QLL1-2-2I,21,QLL1-2-2I-21,1,24,6.66,22.74,11.12,34.28
QLL1,2,QLL1-2,2I,QLL1-2-2I,21,QLL1-2-2I-21,2,24,6.5,22.54,11.14,34.36
QLL1,2,QLL1-2,2J,QLL1-2-2J,1,QLL1-2-2J-1,1,11,2.54,18.1,14.78,30.04
QLL1,2,QLL1-2,2J,QLL1-2-2J,1,QLL1-2-2J-1,2,11,2.28,18.3,14.98,30.06
QLL1,2,QLL1-2,2K,QLL1-2-2K,1,QLL1-2-2K-1,1,24,4.78,23.7,15.52,32.66
QLL1,2,QLL1-2,2K,QLL1-2-2K,1,QLL1-2-2K-1,2,24,4.78,23.52,15.3,32.52
QLL1,2,QLL1-2,2L,QLL1-2-2L,1,QLL1-2-2L-1,1,21,0,17.8,14.44,30.72
QLL1,2,QLL1-2,2L,QLL1-2-2L,1,QLL1-2-2L-1,2,21,0,17.62,14.22,30.6
QLL1,2,QLL1-2,2M,QLL1-2-2M,1,QLL1-2-2M-1,1,28,4.62,21.64,15.82,30.62
QLL1,2,QLL1-2,2M,QLL1-2-2M,1,QLL1-2-2M-1,2,28,4.82,21.34,15.8,30.9
QLL1,2,QLL1-2,2N,QLL1-2-2N,21,QLL1-2-2N-21,1,17,3.34,21.8,16.44,31.8
QLL1,2,QLL1-2,2N,QLL1-2-2N,21,QLL1-2-2N-21,2,17,3.4,21.86,16.68,31.68
QLL1,2,QLL1-2,2P,QLL1-2-2P,21,QLL1-2-2P-21,1,16,4.8,22.32,16.56,31.2
QLL1,2,QLL1-2,2P,QLL1-2-2P,21,QLL1-2-2P-21,2,16,4.66,22.48,16.56,30.98
QLL1,2,QLL1-2,2Q,QLL1-2-2Q,21,QLL1-2-2Q-21,1,13,3.2,19.88,19.06,31.08
QLL1,2,QLL1-2,2Q,QLL1-2-2Q,21,QLL1-2-2Q-21,2,13,3.16,19.96,19.02,31.04
QLL1,2,QLL1-2,N22,QLL1-2-N22,1,QLL1-2-N22-1,1,28,2.33,17.79,14.42,30.89
QLL1,2,QLL1-2,N22,QLL1-2-N22,1,QLL1-2-N22-1,2,28,2.42,17.95,14.6,30.97
QLL1,2,QLL1-2,N23,QLL1-2-N23,1,QLL1-2-N23-1,1,15,2.34,17.9,12.92,29.76
QLL1,2,QLL1-2,N23,QLL1-2-N23,1,QLL1-2-N23-1,2,15,2.13,17.73,12.77,29.76
QLL1,2,QLL1-2,N24,QLL1-2-N24,1,QLL1-2-N24-1,1,25,6.41,23.45,17.46,32.46
QLL1,2,QLL1-2,N24,QLL1-2-N24,1,QLL1-2-N24-1,2,25,6.3,23.4,16.87,32.39
QLL1,2,QLL1-2,N25,QLL1-2-N25,1,QLL1-2-N25-1,1,10,2.91,17.59,14.65,29.49
QLL1,2,QLL1-2,N25,QLL1-2-N25,1,QLL1-2-N25-1,2,10,2.95,17.43,14.78,29.53
QLL3,1,QLL3-1,1,QLL3-1-1,1,QLL3-1-1-1,1,10,3.49,18.93,15.09,23.91
QLL3,1,QLL3-1,1,QLL3-1-1,1,QLL3-1-1-1,2,10,3.4,19.23,14.92,23.66
QLL3,1,QLL3-1,10,QLL3-1-10,21,QLL3-1-10-21,1,12,5.85,21.06,12.58,28.95
QLL3,1,QLL3-1,10,QLL3-1-10,21,QLL3-1-10-21,2,12,5.62,21.17,12.8,29.19
QLL3,1,QLL3-1,11,QLL3-1-11,1,QLL3-1-11-1,1,12,1.24,17.29,17.29,29.64
QLL3,1,QLL3-1,11,QLL3-1-11,1,QLL3-1-11-1,2,12,0.98,17.1,17.21,29.6
QLL3,1,QLL3-1,14,QLL3-1-14,1,QLL3-1-14-1,1,29,4.96,22.24,17.19,25.93
QLL3,1,QLL3-1,14,QLL3-1-14,1,QLL3-1-14-1,2,29,5.33,21.81,16.62,25.4
QLL3,1,QLL3-1,15*,QLL3-1-15*,11,QLL3-1-15*-11,1,30,2.21,18.4,13.28,27.31
QLL3,1,QLL3-1,15*,QLL3-1-15*,11,QLL3-1-15*-11,2,30,2.01,18.61,13.18,27.19
QLL3,1,QLL3-1,16,QLL3-1-16,1,QLL3-1-16-1,1,25,3.51,18.14,18.8,26.71
QLL3,1,QLL3-1,16,QLL3-1-16,1,QLL3-1-16-1,2,25,2.99,17.83,18.23,26.71
QLL3,1,QLL3-1,17,QLL3-1-17,21,QLL3-1-17-21,1,23,2.36,18.05,15.7,26.27
QLL3,1,QLL3-1,17,QLL3-1-17,21,QLL3-1-17-21,2,23,1.95,18.86,14.87,27.24
QLL3,1,QLL3-1,2,QLL3-1-2,1,QLL3-1-2-1,1,13,2.52,19.51,13.01,25.83
QLL3,1,QLL3-1,2,QLL3-1-2,1,QLL3-1-2-1,2,13,3.01,19.63,13.19,26.02
QLL3,1,QLL3-1,3*,QLL3-1-3*,1,QLL3-1-3*-1,1,21,4.27,18.99,14.43,27.19
QLL3,1,QLL3-1,3*,QLL3-1-3*,1,QLL3-1-3*-1,2,21,4.2,18.77,14.46,27.16
QLL3,1,QLL3-1,32*,QLL3-1-32*,1,QLL3-1-32*-1,1,22,2.03,18.47,14.15,29.97
QLL3,1,QLL3-1,32*,QLL3-1-32*,1,QLL3-1-32*-1,2,22,2.25,18.51,14.32,29.7
QLL3,1,QLL3-1,4*,QLL3-1-4*,1,QLL3-1-4*-1,1,20,5.28,21.54,16.86,30.4
QLL3,1,QLL3-1,4*,QLL3-1-4*,1,QLL3-1-4*-1,2,20,5.37,21.63,16.98,30.59
QLL3,1,QLL3-1,46,QLL3-1-46,1,QLL3-1-46-1,1,14,2.31,17.51,15.33,30.7
QLL3,1,QLL3-1,46,QLL3-1-46,1,QLL3-1-46-1,2,14,2.55,17.5,15.2,30.81
QLL3,1,QLL3-1,47,QLL3-1-47,1,QLL3-1-47-1,1,17,4.44,19.31,16.84,30.28
QLL3,1,QLL3-1,47,QLL3-1-47,1,QLL3-1-47-1,2,17,4.61,19.22,16.83,30.29
QLL3,1,QLL3-1,48,QLL3-1-48,1,QLL3-1-48-1,1,20,1.49,17.8,17.53,30.01
QLL3,1,QLL3-1,48,QLL3-1-48,1,QLL3-1-48-1,2,20,1.54,17.44,17.28,30.49
QLL3,1,QLL3-1,52,QLL3-1-52,1,QLL3-1-52-1,1,17,3.17,18.13,15.83,26.7
QLL3,1,QLL3-1,52,QLL3-1-52,1,QLL3-1-52-1,2,17,3.28,18.01,15.14,26.71
QLL3,1,QLL3-1,53,QLL3-1-53,1,QLL3-1-53-1,1,20,3.08,19.97,18.5,30.4
QLL3,1,QLL3-1,53,QLL3-1-53,1,QLL3-1-53-1,2,20,3.2,20.11,18.42,30.16
QLL3,1,QLL3-1,54,QLL3-1-54,1,QLL3-1-54-1,1,29,4.7,17.42,15.25,29.25
QLL3,1,QLL3-1,54,QLL3-1-54,1,QLL3-1-54-1,2,29,4.66,17.3,14.88,29.6
QLL3,1,QLL3-1,6*,QLL3-1-6*,1,QLL3-1-6*-1,1,20,0.38,18.26,15.8,29.39
QLL3,1,QLL3-1,6*,QLL3-1-6*,1,QLL3-1-6*-1,2,20,0.58,18.13,15.76,29.46
QLL3,1,QLL3-1,7,QLL3-1-7,21,QLL3-1-7-21,1,18,3.21,19.92,18.07,31.31
QLL3,1,QLL3-1,7,QLL3-1-7,21,QLL3-1-7-21,2,18,2.91,20.25,18.23,31.42
QLL3,1,QLL3-1,8,QLL3-1-8,1,QLL3-1-8-1,1,11,3.08,19.41,16.68,32.15
QLL3,1,QLL3-1,8,QLL3-1-8,1,QLL3-1-8-1,2,11,3.14,19.47,16.91,32.24
QLL3,1,QLL3-1,9,QLL3-1-9,21,QLL3-1-9-21,1,11,0,18.79,13.21,28.03
QLL3,1,QLL3-1,9,QLL3-1-9,21,QLL3-1-9-21,2,11,0,18.4,13.42,28.25
QLL3,1,QLL3-1,N10,QLL3-1-N10,1,QLL3-1-N10-1,1,12,2.95,18.61,15.95,29.15
QLL3,1,QLL3-1,N10,QLL3-1-N10,1,QLL3-1-N10-1,2,12,2.97,18.5,15.61,29.38
QLL3,1,QLL3-1,N11,QLL3-1-N11,1,QLL3-1-N11-1,1,19,3.66,21.74,18.67,35.26
QLL3,1,QLL3-1,N11,QLL3-1-N11,1,QLL3-1-N11-1,2,19,3.58,21.96,18.97,35.24
QLL3,1,QLL3-1,N4*,QLL3-1-N4*,1,QLL3-1-N4*-1,1,11,3.85,20.36,14.86,25
QLL3,1,QLL3-1,N4*,QLL3-1-N4*,1,QLL3-1-N4*-1,2,11,3.92,20.45,15.3,25.21
QLL3,1,QLL3-1,N46,QLL3-1-N46,1,QLL3-1-N46-1,1,19,5.59,18.94,15.15,29.82
QLL3,1,QLL3-1,N46,QLL3-1-N46,1,QLL3-1-N46-1,2,19,5.38,18.79,15.42,30.16
QLL3,2,QLL3-2,27*,QLL3-2-27*,11,QLL3-2-27*-11,1,19,2.59,18.55,18.26,28.66
QLL3,2,QLL3-2,27*,QLL3-2-27*,11,QLL3-2-27*-11,2,19,2.71,18.56,17.98,29.12
QLL3,2,QLL3-2,28,QLL3-2-28,1,QLL3-2-28-1,1,25,4.1,21.83,13.44,27.48
QLL3,2,QLL3-2,28,QLL3-2-28,1,QLL3-2-28-1,2,25,3.42,22.29,14.21,28.56
QLL3,2,QLL3-2,29,QLL3-2-29,1,QLL3-2-29-1,1,24,4.39,19.66,14.52,32.68
QLL3,2,QLL3-2,29,QLL3-2-29,1,QLL3-2-29-1,2,24,4.65,20.07,14.3,32.92
QLL3,2,QLL3-2,30,QLL3-2-30,1,QLL3-2-30-1,1,23,4.41,19.83,17.6,30.13
QLL3,2,QLL3-2,30,QLL3-2-30,1,QLL3-2-30-1,2,23,4.7,20.54,16.99,29.98
QLL3,2,QLL3-2,31,QLL3-2-31,1,QLL3-2-31-1,1,27,5.93,19.26,13.78,29.01
QLL3,2,QLL3-2,31,QLL3-2-31,1,QLL3-2-31-1,2,27,5.53,19.73,13.6,29.23
QLL3,2,QLL3-2,32,QLL3-2-32,31,QLL3-2-32-31,1,21,2.3,21.21,15.76,33.6
QLL3,2,QLL3-2,32,QLL3-2-32,31,QLL3-2-32-31,2,21,2.8,21.13,15.83,33.24
QLL3,2,QLL3-2,35,QLL3-2-35,1,QLL3-2-35-1,1,29,6.62,22.5,14.07,31.73
QLL3,2,QLL3-2,35,QLL3-2-35,1,QLL3-2-35-1,2,29,6.32,23.41,13.97,31.03
QLL3,2,QLL3-2,36,QLL3-2-36,1,QLL3-2-36-1,1,26,1.59,17.81,14.59,29
QLL3,2,QLL3-2,36,QLL3-2-36,1,QLL3-2-36-1,2,26,1.72,18.37,14.12,29.6
QLL3,2,QLL3-2,37,QLL3-2-37,1,QLL3-2-37-1,1,19,2.39,18.57,13.35,31.13
QLL3,2,QLL3-2,37,QLL3-2-37,1,QLL3-2-37-1,2,19,2.22,18.84,12.97,30.85
QLL3,2,QLL3-2,38,QLL3-2-38,1,QLL3-2-38-1,1,36,3.44,21.2,13.76,31.83
QLL3,2,QLL3-2,38,QLL3-2-38,1,QLL3-2-38-1,2,36,3.51,21.04,14.06,31.51
QLL3,2,QLL3-2,39,QLL3-2-39,1,QLL3-2-39-1,1,18,3.11,19.51,18.82,32.45
QLL3,2,QLL3-2,39,QLL3-2-39,1,QLL3-2-39-1,2,18,3.42,18.72,18.89,32.66
QLL3,2,QLL3-2,41,QLL3-2-41,21,QLL3-2-41-21,1,26,4.11,20.83,12.39,32.62
QLL3,2,QLL3-2,41,QLL3-2-41,21,QLL3-2-41-21,2,26,4.31,20.19,12.86,32.05
QLL3,2,QLL3-2,43,QLL3-2-43,41,QLL3-2-43-41,1,20,3.82,18.38,15.42,31.65
QLL3,2,QLL3-2,43,QLL3-2-43,41,QLL3-2-43-41,2,20,3.93,19.31,14.58,31.88
QLL3,2,QLL3-2,44,QLL3-2-44,1,QLL3-2-44-1,1,22,7.28,21.22,15.58,30.11
QLL3,2,QLL3-2,44,QLL3-2-44,1,QLL3-2-44-1,2,22,7.16,20.35,16.03,30.23
QLL3,2,QLL3-2,61,QLL3-2-61,31,QLL3-2-61-31,1,14,5.29,20.63,16.78,31.16
QLL3,2,QLL3-2,61,QLL3-2-61,31,QLL3-2-61-31,2,14,5.49,21.01,16.61,31.35
QLL3,2,QLL3-2,62,QLL3-2-62,1,QLL3-2-62-1,1,14,2.67,18.47,12.8,29.27
QLL3,2,QLL3-2,62,QLL3-2-62,1,QLL3-2-62-1,2,14,2.56,18.45,12.82,29.39
QLL3,2,QLL3-2,N27*,QLL3-2-N27*,1,QLL3-2-N27*-1,1,17,5.75,19.21,12.3,31.96
QLL3,2,QLL3-2,N27*,QLL3-2-N27*,1,QLL3-2-N27*-1,2,17,5.94,19.57,12.2,32.17
QLL3,2,QLL3-2,N28 a.k.a. 68,QLL3-2-N28 a.k.a. 68,1,QLL3-2-N28 a.k.a. 68-1,1,12,4.85,18.2,11.89,26.51
QLL3,2,QLL3-2,N28 a.k.a. 69,QLL3-2-N28 a.k.a. 69,1,QLL3-2-N28 a.k.a. 69-1,2,12,4.62,18.51,12.03,26.37
QLL3,2,QLL3-2,N29,QLL3-2-N29,1,QLL3-2-N29-1,1,18,1.07,20.83,9.19,28.09
QLL3,2,QLL3-2,N29,QLL3-2-N29,1,QLL3-2-N29-1,2,18,1.92,20.91,10.01,28.92
QLL3,2,QLL3-2,N30,QLL3-2-N30,1,QLL3-2-N30-1,1,16,3.13,17.81,14.74,31.53
QLL3,2,QLL3-2,N30,QLL3-2-N30,1,QLL3-2-N30-1,2,16,3,18.58,14.5,31.02
QLL3,2,QLL3-2,N31,QLL3-2-N31,1,QLL3-2-N31-1,1,14,2.48,15.65,9.72,23.13
QLL3,2,QLL3-2,N31,QLL3-2-N31,1,QLL3-2-N31-1,2,14,2.43,15.99,10.01,24
QLL3,2,QLL3-2,N32,QLL3-2-N32,21,QLL3-2-N32-21,1,17,2.33,19.82,15.51,31.83
QLL3,2,QLL3-2,N32,QLL3-2-N32,21,QLL3-2-N32-21,2,17,2.35,19.83,15.5,33.24
QLL3,2,QLL3-2,N35,QLL3-2-N35,1,QLL3-2-N35-1,1,27,4.4,20.95,17.01,32.59
QLL3,2,QLL3-2,N35,QLL3-2-N35,1,QLL3-2-N35-1,2,27,4.69,21.48,17.22,32.63
QLL3,2,QLL3-2,N38,QLL3-2-N38,1,QLL3-2-N38-1,1,28,3.88,18.71,15.96,32.71
QLL3,2,QLL3-2,N38,QLL3-2-N38,1,QLL3-2-N38-1,2,28,4.16,19.4,16.13,32.76
QLL3,2,QLL3-2,N41,QLL3-2-N41,21,QLL3-2-N41-21,1,12,3.29,19.24,11.44,30.61
QLL3,2,QLL3-2,N41,QLL3-2-N41,21,QLL3-2-N41-21,2,12,3.08,18.34,11.78,29.93
QLL3,2,QLL3-2,N61,QLL3-2-N61,1,QLL3-2-N61-1,1,16,5.08,20.89,16.28,29.43
QLL3,2,QLL3-2,N61,QLL3-2-N61,1,QLL3-2-N61-1,2,16,4.99,20.43,16.73,29.6
QRL1,1,QRL-1,1A,QRL1-1-1A,31,QRL1-1-1A-31,1,26,3.27,20.11,16.56,33.73
QRL1,1,QRL-1,1A,QRL1-1-1A,31,QRL1-1-1A-31,2,26,3.41,20.2,16.08,33.79
QRL1,1,QRL-1,1B,QRL1-1-1B,1,QRL1-1-1B-1,1,15,3.11,19.63,15.92,28.1
QRL1,1,QRL-1,1B,QRL1-1-1B,1,QRL1-1-1B-1,2,15,3.14,19.66,16.17,28.36
QRL1,1,QRL-1,1E,QRL1-1-1E,21,QRL1-1-1E-21,1,26,2.98,19.61,17.82,32.93
QRL1,1,QRL-1,1E,QRL1-1-1E,21,QRL1-1-1E-21,2,26,2.82,19.7,17.56,32.66
QRL1,1,QRL-1,1F,QRL1-1-1F,1,QRL1-1-1F-1,1,11,2.96,21.18,15.36,32.68
QRL1,1,QRL-1,1F,QRL1-1-1F,1,QRL1-1-1F-1,2,11,2.71,21.52,15.26,32.75
QRL1,1,QRL-1,1G,QRL1-1-1G,1,QRL1-1-1G-1,1,12,4.38,19.08,12,29.98
QRL1,1,QRL-1,1G,QRL1-1-1G,1,QRL1-1-1G-1,2,12,4.36,18.94,12.22,29.84
QRL1,1,QRL-1,1H,QRL1-1-1H,1,QRL1-1-1H-1,1,20,5.38,20.7,14.77,27.51
QRL1,1,QRL-1,1H,QRL1-1-1H,1,QRL1-1-1H-1,2,20,5.33,20.47,14.75,27.65
QRL1,1,QRL-1,1J,QRL1-1-1J,1,QRL1-1-1J-1,1,14,6.94,22.22,16.32,27.2
QRL1,1,QRL-1,1J,QRL1-1-1J,1,QRL1-1-1J-1,2,14,6.72,22.34,16.36,27.04
QRL1,1,QRL-1,1K,QRL1-1-1K,1,QRL1-1-1K-1,1,19,3.73,20.36,15.48,28.41
QRL1,1,QRL-1,1K,QRL1-1-1K,1,QRL1-1-1K-1,2,19,3.8,20.12,15.27,28.24
QRL1,1,QRL-1,1M,QRL1-1-1M,31,QRL1-1-1M-31,1,16,3.78,20.23,14.56,28.42
QRL1,1,QRL-1,1M,QRL1-1-1M,31,QRL1-1-1M-31,2,16,3.66,20.29,14.42,28.58
QRL1,1,QRL-1,1N,QRL1-1-1N,1,QRL1-1-1N-1,1,29,3.56,19.38,14.02,27.55
QRL1,1,QRL-1,1N,QRL1-1-1N,1,QRL1-1-1N-1,2,29,3.24,19.33,13.73,27.36
QRL1,1,QRL-1,1Oh,QRL1-1-1Oh,21,QRL1-1-1Oh-21,1,15,4.2,18.81,13.58,26.8
QRL1,1,QRL-1,1Oh,QRL1-1-1Oh,21,QRL1-1-1Oh-21,2,15,4.44,18.93,13.91,27.2
QRL1,1,QRL-1,1P,QRL1-1-1P,21,QRL1-1-1P-21,1,25,4.7,21.44,13.84,30.4
QRL1,1,QRL-1,1P,QRL1-1-1P,21,QRL1-1-1P-21,2,25,4.59,21.13,12.22,30.8
QRL1,1,QRL-1,1Q,QRL1-1-1Q,1,QRL1-1-1Q-1,1,15,5.36,20.78,12.52,27.82
QRL1,1,QRL-1,1Q,QRL1-1-1Q,1,QRL1-1-1Q-1,2,15,5.36,20.6,12.64,27.8
QRL1,1,QRL-1,1R,QRL1-1-1R,31,QRL1-1-1R-31,1,11,3.06,18.04,13.86,27.18
QRL1,1,QRL-1,1R,QRL1-1-1R,31,QRL1-1-1R-31,2,11,3.2,17.96,13.78,27.14
QRL1,1,QRL-1,1S,QRL1-1-1S,21,QRL1-1-1S-21,1,11,2.14,18.4,11.44,28.26
QRL1,1,QRL-1,1S,QRL1-1-1S,21,QRL1-1-1S-21,2,11,1.82,18.46,11.82,27.9
QRL1,1,QRL-1,1T,QRL1-1-1T,21,QRL1-1-1T-21,1,27,4.92,24.66,13.54,NA
QRL1,1,QRL-1,1T,QRL1-1-1T,21,QRL1-1-1T-21,2,27,4.98,24.6,13.42,NA
QRL1,1,QRL-1,1U,QRL1-1-1U,1,QRL1-1-1U-1,1,15,4.22,20.56,16.24,30.66
QRL1,1,QRL-1,1U,QRL1-1-1U,1,QRL1-1-1U-1,2,15,4.1,20.28,16.12,30.12
QRL1,1,QRL-1,1X,QRL1-1-1X,1,QRL1-1-1X-1,1,29,5.12,19.36,11.73,27.91
QRL1,1,QRL-1,1X,QRL1-1-1X,1,QRL1-1-1X-1,2,29,5.18,19.76,11.83,28.05
QRL1,1,QRL-1,85,QRL1-1-85,1,QRL1-1-85-1,1,24,5.82,21.5,14.26,29.44
QRL1,1,QRL-1,85,QRL1-1-85,1,QRL1-1-85-1,2,24,5.72,21.8,14.26,29.4
QRL1,1,QRL-1,86,QRL1-1-86,1,QRL1-1-86-1,1,27,2.56,20,14.88,25.4
QRL1,1,QRL-1,86,QRL1-1-86,1,QRL1-1-86-1,2,27,2.62,20.08,14.72,25.48
QRL1,1,QRL-1,87/1C,QRL1-1-87/1C,31,QRL1-1-87/1C-31,1,11,3.4,19.2,14.24,26.86
QRL1,1,QRL-1,87/1C,QRL1-1-87/1C,31,QRL1-1-87/1C-31,2,11,3.12,18.94,14.08,26.86
QRL1,1,QRL-1,88/1D,QRL1-1-88/1D,31,QRL1-1-88/1D-31,1,20,2.96,21.88,14.26,30.88
QRL1,1,QRL-1,88/1D,QRL1-1-88/1D,31,QRL1-1-88/1D-31,2,20,2.68,21.64,14.48,31.08
QRL1,2,QRL-2,15,QRL1-2-15,11,QRL1-2-15-11,1,15,3.54,20.92,13.52,29.94
QRL1,2,QRL-2,15,QRL1-2-15,11,QRL1-2-15-11,2,15,3.4,20.74,13.42,29.9
QRL1,2,QRL-2,16,QRL1-2-16,1,QRL1-2-16-1,1,23,4,19.5,14.56,26.3
QRL1,2,QRL-2,16,QRL1-2-16,1,QRL1-2-16-1,2,23,4.38,19.7,14.8,26.06
QRL1,2,QRL-2,17,QRL1-2-17,11,QRL1-2-17-11,1,29,4.08,20.5,13.5,27.26
QRL1,2,QRL-2,17,QRL1-2-17,11,QRL1-2-17-11,2,29,3.86,20.28,13.46,27.34
QRL1,2,QRL-2,19,QRL1-2-19,31,QRL1-2-19-31,1,27,9.04,26.24,18.44,31.52
QRL1,2,QRL-2,19,QRL1-2-19,31,QRL1-2-19-31,2,27,9.34,26.52,18.08,31.36
QRL1,2,QRL-2,20,QRL1-2-20,31,QRL1-2-20-31,1,12,0,18.2,12.74,29.94
QRL1,2,QRL-2,20,QRL1-2-20,31,QRL1-2-20-31,2,12,0,17.9,12.82,29.94
QRL1,2,QRL-2,21,QRL1-2-21,41,QRL1-2-21-41,1,20,2.64,21.16,12.7,28.62
QRL1,2,QRL-2,21,QRL1-2-21,41,QRL1-2-21-41,2,20,2.54,20.92,12.52,28.54
QRL1,2,QRL-2,22,QRL1-2-22,1,QRL1-2-22-1,1,18,3.36,21.42,16.62,31.98
QRL1,2,QRL-2,22,QRL1-2-22,1,QRL1-2-22-1,2,18,3.26,21.3,16.36,32.06
QRL1,2,QRL-2,23,QRL1-2-23,31,QRL1-2-23-31,1,20,1.16,20.1,14.58,32.08
QRL1,2,QRL-2,23,QRL1-2-23,31,QRL1-2-23-31,2,20,1,20,14.78,32.3
QRL1,2,QRL-2,24,QRL1-2-24,111,QRL1-2-24-111,1,15,4.34,20.38,17.06,31.46
QRL1,2,QRL-2,24,QRL1-2-24,111,QRL1-2-24-111,2,15,4.4,20.5,16.96,31.78
QRL1,2,QRL-2,26,QRL1-2-26,1,QRL1-2-26-1,1,27,4.08,18.2,16.04,27.6
QRL1,2,QRL-2,26,QRL1-2-26,1,QRL1-2-26-1,2,27,4.1,18.06,16.3,27.5
QRL1,2,QRL-2,27,QRL1-2-27,1,QRL1-2-27-1,1,28,6,26.84,18.02,33.4
QRL1,2,QRL-2,27,QRL1-2-27,1,QRL1-2-27-1,2,28,6.02,26.68,18.24,33.36
QRL1,2,QRL-2,28,QRL1-2-28,51,QRL1-2-28-51,1,22,3.04,21.06,12.9,30.6
QRL1,2,QRL-2,28,QRL1-2-28,51,QRL1-2-28-51,2,22,3.26,21.02,13.06,30.8
QRL1,2,QRL-2,2A,QRL1-2-2A,1,QRL1-2-2A-1,1,23,3.06,21.18,15.69,33.06
QRL1,2,QRL-2,2A,QRL1-2-2A,1,QRL1-2-2A-1,2,23,3.36,20.98,15.8,33.26
QRL1,2,QRL-2,2B,QRL1-2-2B,1,QRL1-2-2B-1,1,11,4.54,18.87,14.96,29.44
QRL1,2,QRL-2,2B,QRL1-2-2B,1,QRL1-2-2B-1,2,11,4.5,18.73,15.18,29.77
QRL1,2,QRL-2,2C,QRL1-2-2C,1,QRL1-2-2C-1,1,17,4.77,19.38,15.71,29.6
QRL1,2,QRL-2,2C,QRL1-2-2C,1,QRL1-2-2C-1,2,17,4.55,19.82,15.44,29.59
QRL1,2,QRL-2,2D,QRL1-2-2D,31,QRL1-2-2D-31,1,11,4.04,19.58,14.82,31.5
QRL1,2,QRL-2,2D,QRL1-2-2D,31,QRL1-2-2D-31,2,11,4.09,19.69,15,31.52
QRL1,2,QRL-2,2E,QRL1-2-2E,21,QRL1-2-2E-21,1,16,7.76,22.12,15.86,30.59
QRL1,2,QRL-2,2E,QRL1-2-2E,21,QRL1-2-2E-21,2,16,7.39,22.31,15.88,30.7
QRL1,2,QRL-2,2F,QRL1-2-2F,311,QRL1-2-2F-311,1,11,3.24,18.77,13.39,30.74
QRL1,2,QRL-2,2F,QRL1-2-2F,311,QRL1-2-2F-311,2,11,2.95,18.62,13.06,30.52
QRL1,2,QRL-2,2G,QRL1-2-2G,1,QRL1-2-2G-1,1,25,4.08,19.55,15.49,28.15
QRL1,2,QRL-2,2G,QRL1-2-2G,1,QRL1-2-2G-1,2,25,3.99,19.81,15.48,28.37
QRL1,2,QRL-2,53,QRL1-2-53,311,QRL1-2-53-311,1,26,3.76,17.98,13.56,30.5
QRL1,2,QRL-2,53,QRL1-2-53,311,QRL1-2-53-311,2,26,3.54,17.94,13.6,30.5
QRL1,2,QRL-2,54,QRL1-2-54,1,QRL1-2-54-1,1,13,2.36,20.76,13.86,30.56
QRL1,2,QRL-2,54,QRL1-2-54,1,QRL1-2-54-1,2,13,2.46,20.92,13.58,30.36
QRL1,2,QRL-2,55,QRL1-2-55,21,QRL1-2-55-21,1,28,3,19.86,14.72,29.42
QRL1,2,QRL-2,55,QRL1-2-55,21,QRL1-2-55-21,2,28,3.26,19.72,14.58,29.48
QRL1,2,QRL-2,56,QRL1-2-56,1,QRL1-2-56-1,1,25,3.8,22.38,18.12,30.98
QRL1,2,QRL-2,56,QRL1-2-56,1,QRL1-2-56-1,2,25,3.92,22.64,17.82,30.98
QRL1,2,QRL-2,58,QRL1-2-58,21,QRL1-2-58-21,1,29,7.78,26.4,16.2,30.08
QRL1,2,QRL-2,58,QRL1-2-58,21,QRL1-2-58-21,2,29,7.62,26.64,16.42,30.06
QRL1,2,QRL-2,N2,QRL1-2-N2,31,QRL1-2-N2-31,1,22,3.18,22.88,15.14,31.92
QRL1,2,QRL-2,N2,QRL1-2-N2,31,QRL1-2-N2-31,2,22,2.98,23.18,15.42,32.1
QRL1,2,QRL-2,N26,QRL1-2-N26,21,QRL1-2-N26-21,1,24,5.01,21.62,16.4,33.24
QRL1,2,QRL-2,N26,QRL1-2-N26,21,QRL1-2-N26-21,2,24,4.68,21.9,16.6,33.7
QRL1,2,QRL-2,N3,QRL1-2-N3,1,QRL1-2-N3-1,1,17,0,17.78,11.78,22.46
QRL1,2,QRL-2,N3,QRL1-2-N3,1,QRL1-2-N3-1,2,17,0,17.82,11.6,22.7
QRL1,2,QRL-2,N5,QRL1-2-N5,31,QRL1-2-N5-31,1,18,2.6,21.46,14.06,30.26
QRL1,2,QRL-2,N5,QRL1-2-N5,31,QRL1-2-N5-31,2,18,2.6,21.24,15.44,30.3
QRL2,1,QRL-3,13,QRL2-1-13,21,QRL2-1-13-21,1,13,7.08,20.9,16.64,27.4
QRL2,1,QRL-3,13,QRL2-1-13,21,QRL2-1-13-21,2,13,7.3,20.64,16.48,27.68
QRL2,1,QRL-3,3,QRL2-1-3,1,QRL2-1-3-1,1,29,6.34,21.8,18.04,31.12
QRL2,1,QRL-3,3,QRL2-1-3,1,QRL2-1-3-1,2,29,6.48,22.06,18.32,31.34
QRL2,1,QRL-3,30,QRL2-1-30,1,QRL2-1-30-1,1,27,2.98,17.98,13.58,27.78
QRL2,1,QRL-3,30,QRL2-1-30,1,QRL2-1-30-1,2,27,2.76,18.22,13.7,27.76
QRL2,1,QRL-3,3A,QRL2-1-3A,1,QRL2-1-3A-1,1,27,2,19.57,17.65,28.7
QRL2,1,QRL-3,3A,QRL2-1-3A,1,QRL2-1-3A-1,2,27,2.13,19.44,17.31,28.61
QRL2,1,QRL-3,3B,QRL2-1-3B,1,QRL2-1-3B-1,1,18,3.98,21.46,17.45,31.74
QRL2,1,QRL-3,3B,QRL2-1-3B,1,QRL2-1-3B-1,2,18,3.65,21.86,17.19,31.88
QRL2,1,QRL-3,3C,QRL2-1-3C,1,QRL2-1-3C-1,1,11,2.55,20.22,14.95,31.77
QRL2,1,QRL-3,3C,QRL2-1-3C,1,QRL2-1-3C-1,2,11,2.66,19.69,14.96,32.25
QRL2,1,QRL-3,3D,QRL2-1-3D,1,QRL2-1-3D-1,1,17,4.53,21.94,17.16,29.56
QRL2,1,QRL-3,3D,QRL2-1-3D,1,QRL2-1-3D-1,2,17,4.38,21.6,17.28,29.6
QRL2,1,QRL-3,3E,QRL2-1-3E,1,QRL2-1-3E-1,1,18,4.62,17.67,15.64,25.48
QRL2,1,QRL-3,3E,QRL2-1-3E,1,QRL2-1-3E-1,2,18,4.41,17.94,15.58,25.45
QRL2,1,QRL-3,3F,QRL2-1-3F,21,QRL2-1-3F-21,1,17,0.95,16.04,10.61,29.37
QRL2,1,QRL-3,3F,QRL2-1-3F,21,QRL2-1-3F-21,2,17,0.74,16.02,10.93,28.67
QRL2,1,QRL-3,3G,QRL2-1-3G,31,QRL2-1-3G-31,1,12,1.31,17.85,16.11,29.55
QRL2,1,QRL-3,3G,QRL2-1-3G,31,QRL2-1-3G-31,2,12,1.29,17.56,15.95,29.8
QRL2,1,QRL-3,4,QRL2-1-4,1,QRL2-1-4-1,1,21,1.42,20.52,17.7,30.02
QRL2,1,QRL-3,4,QRL2-1-4,1,QRL2-1-4-1,2,21,1.4,20.36,17.86,30.18
QRL2,1,QRL-3,43,QRL2-1-43,41,QRL2-1-43-41,1,26,3.14,20.44,15.96,29.16
QRL2,1,QRL-3,43,QRL2-1-43,41,QRL2-1-43-41,2,26,3.1,20.3,15.74,29.2
QRL2,1,QRL-3,45,QRL2-1-45,1,QRL2-1-45-1,1,23,2.86,22.28,20.22,32.82
QRL2,1,QRL-3,45,QRL2-1-45,1,QRL2-1-45-1,2,23,2.66,22.22,20.4,32.9
QRL2,1,QRL-3,46,QRL2-1-46,1,QRL2-1-46-1,1,16,4.78,22.28,16.94,32.5
QRL2,1,QRL-3,46,QRL2-1-46,1,QRL2-1-46-1,2,16,4.92,22.18,17,32.5
QRL2,1,QRL-3,47,QRL2-1-47,21,QRL2-1-47-21,1,28,5.94,22.24,12.82,30.42
QRL2,1,QRL-3,47,QRL2-1-47,21,QRL2-1-47-21,2,28,6.24,22.36,13.14,30.68
QRL2,1,QRL-3,48,QRL2-1-48,21,QRL2-1-48-21,1,22,2.8,17.78,13.36,14.68
QRL2,1,QRL-3,48,QRL2-1-48,21,QRL2-1-48-21,2,22,3.12,17.92,13.52,14.64
QRL2,1,QRL-3,5,QRL2-1-5,21,QRL2-1-5-21,1,14,4.88,20.68,12.4,29.78
QRL2,1,QRL-3,5,QRL2-1-5,21,QRL2-1-5-21,2,14,4.78,20.46,12.54,29.66
QRL2,1,QRL-3,50,QRL2-1-50,11,QRL2-1-50-11,1,29,3.1,20.16,13.94,27.44
QRL2,1,QRL-3,50,QRL2-1-50,11,QRL2-1-50-11,2,29,3.21,19.9,14.04,27.76
QRL2,1,QRL-3,51,QRL2-1-51,21,QRL2-1-51-21,1,29,2.68,20.92,15.5,33.34
QRL2,1,QRL-3,51,QRL2-1-51,21,QRL2-1-51-21,2,29,2.8,21.08,15.46,33.16
QRL2,1,QRL-3,52,QRL2-1-52,31,QRL2-1-52-31,1,11,1.18,17.48,14.92,28.3
QRL2,1,QRL-3,52,QRL2-1-52,31,QRL2-1-52-31,2,11,1.08,17.52,14.66,28.44
QRL2,1,QRL-3,6,QRL2-1-6,21,QRL2-1-6-21,1,27,8.04,23.44,13.64,32.52
QRL2,1,QRL-3,6,QRL2-1-6,21,QRL2-1-6-21,2,27,8.06,23.4,13.82,33.36
QRL2,1,QRL-3,7,QRL2-1-7,21,QRL2-1-7-21,1,27,3.7,20.1,14.62,28.06
QRL2,1,QRL-3,7,QRL2-1-7,21,QRL2-1-7-21,2,27,3.88,20.06,14.54,27.92
QRL2,1,QRL-3,71,QRL2-1-71,1,QRL2-1-71-1,1,16,1.7,21.62,15.38,32.08
QRL2,1,QRL-3,71,QRL2-1-71,1,QRL2-1-71-1,2,16,1.58,21.34,15.7,32.3
QRL2,1,QRL-3,73,QRL2-1-73,31,QRL2-1-73-31,1,11,2.1,12.94,13.92,27
QRL2,1,QRL-3,73,QRL2-1-73,31,QRL2-1-73-31,2,11,2.2,12.86,14.12,26.92
QRL2,1,QRL-3,74,QRL2-1-74,51,QRL2-1-74-51,1,14,3.18,20.88,14.98,29.82
QRL2,1,QRL-3,74,QRL2-1-74,51,QRL2-1-74-51,2,14,3,20.92,15.22,29.66
QRL2,1,QRL-3,8,QRL2-1-8,21,QRL2-1-8-21,1,11,4.06,20.72,15.2,29.74
QRL2,1,QRL-3,8,QRL2-1-8,21,QRL2-1-8-21,2,11,3.82,20.68,15.42,30.02
QRL2,1,QRL-3,9,QRL2-1-9,21,QRL2-1-9-21,1,15,5.24,22.2,17.32,30.64
QRL2,1,QRL-3,9,QRL2-1-9,21,QRL2-1-9-21,2,15,5.22,22.42,17.62,30.6
QRL2,2,QRL-4,4A,QRL2-2-4A,31,QRL2-2-4A-31,1,15,0.86,16.68,16.87,30.29
QRL2,2,QRL-4,4A,QRL2-2-4A,31,QRL2-2-4A-31,2,15,0.66,16.72,16.71,30.46
QRL2,2,QRL-4,4B,QRL2-2-4B,1,QRL2-2-4B-1,1,11,1.42,24.18,15.63,34
QRL2,2,QRL-4,4B,QRL2-2-4B,1,QRL2-2-4B-1,2,11,1.83,23.78,15.85,33.88
QRL2,2,QRL-4,4C,QRL2-2-4C,1,QRL2-2-4C-1,1,23,2.7,19.87,15.44,29.91
QRL2,2,QRL-4,4C,QRL2-2-4C,1,QRL2-2-4C-1,2,23,2.61,20.05,15.6,29.73
QRL2,2,QRL-4,4D,QRL2-2-4D,41,QRL2-2-4D-41,1,23,4,22.81,16.78,30.18
QRL2,2,QRL-4,4D,QRL2-2-4D,41,QRL2-2-4D-41,2,23,4.5,23.25,17.19,30.45
QRL2,2,QRL-4,4E,QRL2-2-4E,1,QRL2-2-4E-1,1,12,2.07,17.12,12.86,27.33
QRL2,2,QRL-4,4E,QRL2-2-4E,1,QRL2-2-4E-1,2,12,2.22,17.24,12.35,27.53
QRL2,2,QRL-4,4F,QRL2-2-4F,1,QRL2-2-4F-1,1,18,1.94,17.14,11.84,27.52
QRL2,2,QRL-4,4F,QRL2-2-4F,1,QRL2-2-4F-1,2,18,1.86,16.92,12.12,27.58
QRL2,2,QRL-4,4G,QRL2-2-4G,11,QRL2-2-4G-11,1,11,2.7,19.3,15.5,29.7
QRL2,2,QRL-4,4G,QRL2-2-4G,11,QRL2-2-4G-11,2,11,2.84,19.54,15.26,29.46
QRL2,2,QRL-4,4H,QRL2-2-4H,31,QRL2-2-4H-31,1,11,3.5,20.28,17.76,36.66
QRL2,2,QRL-4,4H,QRL2-2-4H,31,QRL2-2-4H-31,2,11,3.54,19.94,17.96,36.88
QRL2,2,QRL-4,4I,QRL2-2-4I,1,QRL2-2-4I-1,1,11,6.62,22.36,16.68,33.08
QRL2,2,QRL-4,4I,QRL2-2-4I,1,QRL2-2-4I-1,2,11,6.68,22.24,16.6,32.78
QRL2,2,QRL-4,4J,QRL2-2-4J,31,QRL2-2-4J-31,1,22,3.54,18.02,11.12,26.36
QRL2,2,QRL-4,4J,QRL2-2-4J,31,QRL2-2-4J-31,2,22,3.28,17.8,10.88,26.58
QRL2,2,QRL-4,4K,QRL2-2-4K,321,QRL2-2-4K-321,1,14,2.64,19,13.1,28.56
QRL2,2,QRL-4,4K,QRL2-2-4K,321,QRL2-2-4K-321,2,14,2.84,19.02,12.9,28.6
QRL2,2,QRL-4,4L,QRL2-2-4L,11,QRL2-2-4L-11,1,15,1.24,18.06,17.86,32.4
QRL2,2,QRL-4,4L,QRL2-2-4L,11,QRL2-2-4L-11,2,15,1.1,18.06,17.88,32.6
QRL2,2,QRL-4,4M,QRL2-2-4M,41,QRL2-2-4M-41,1,11,3.12,19.9,12.4,26.9
QRL2,2,QRL-4,4M,QRL2-2-4M,41,QRL2-2-4M-41,2,11,2.96,20.1,12.12,26.6
QRL2,2,QRL-4,4P,QRL2-2-4P,1,QRL2-2-4P-1,1,22,5.9,24.7,16.1,32.7
QRL2,2,QRL-4,4P,QRL2-2-4P,1,QRL2-2-4P-1,2,22,5.94,24.76,16.08,32.92
QRL2,2,QRL-4,4R,QRL2-2-4R,1,QRL2-2-4R-1,1,16,2.9,19.6,17.3,30.2
QRL2,2,QRL-4,4R,QRL2-2-4R,1,QRL2-2-4R-1,2,16,2.9,19.9,17.5,30.56
QRL2,2,QRL-4,4S,QRL2-2-4S,1,QRL2-2-4S-1,1,12,0.8,17.06,13.14,29.86
QRL2,2,QRL-4,4S,QRL2-2-4S,1,QRL2-2-4S-1,2,12,0.86,16.82,13.16,29.54
QRL2,2,QRL-4,4U,QRL2-2-4U,31,QRL2-2-4U-31,1,27,5.78,20.96,19.44,32.38
QRL2,2,QRL-4,4U,QRL2-2-4U,31,QRL2-2-4U-31,2,27,5.64,21.1,19.62,32
QRL2,2,QRL-4,4V,QRL2-2-4V,1,QRL2-2-4V-1,1,17,3.58,19.9,18.78,28.86
QRL2,2,QRL-4,4V,QRL2-2-4V,1,QRL2-2-4V-1,2,17,3.52,20.06,18.74,28.58
QRL2,2,QRL-4,4W,QRL2-2-4W,1,QRL2-2-4W-1,1,16,2.94,29.28,14.56,30.5
QRL2,2,QRL-4,4W,QRL2-2-4W,1,QRL2-2-4W-1,2,16,2.82,29.38,14.84,30.6
QRL2,2,QRL-4,4X,QRL2-2-4X,11,QRL2-2-4X-11,1,11,2.8,18.58,12.52,29.32
QRL2,2,QRL-4,4X,QRL2-2-4X,11,QRL2-2-4X-11,2,11,2.82,18.3,12.8,29.5
QRL2,2,QRL-4,4Y,QRL2-2-4Y,21,QRL2-2-4Y-21,1,17,0,19.72,15.9,30.9
QRL2,2,QRL-4,4Y,QRL2-2-4Y,21,QRL2-2-4Y-21,2,17,0,19.28,15.62,30.94
QTUR,1,QTUR-1,1A,QTUR-1-1A,21,QTUR-1-1A-21,1,20,5.94,23.28,15.87,30.93
QTUR,1,QTUR-1,1A,QTUR-1-1A,21,QTUR-1-1A-21,2,20,5.51,23.33,15.66,30.85
QTUR,1,QTUR-1,1B,QTUR-1-1B,41,QTUR-1-1B-41,1,10,1.41,20.37,17.28,32.78
QTUR,1,QTUR-1,1B,QTUR-1-1B,41,QTUR-1-1B-41,2,10,1.21,20.4,17.7,32.76
QTUR,1,QTUR-1,1C,QTUR-1-1C,1,QTUR-1-1C-1,1,13,1.57,18.55,13.78,29.68
QTUR,1,QTUR-1,1C,QTUR-1-1C,1,QTUR-1-1C-1,2,13,2.15,19.97,13.88,29.81
QTUR,1,QTUR-1,1D,QTUR-1-1D,21,QTUR-1-1D-21,1,9,2.41,17.32,13.03,25.98
QTUR,1,QTUR-1,1D,QTUR-1-1D,21,QTUR-1-1D-21,2,9,2.26,17.5,12.73,25.79
QTUR,1,QTUR-1,1E,QTUR-1-1E,1,QTUR-1-1E-1,1,11,3.44,17.77,14.82,25.95
QTUR,1,QTUR-1,1E,QTUR-1-1E,1,QTUR-1-1E-1,2,11,3.05,17.49,14.56,25.74
QTUR,1,QTUR-1,1F,QTUR-1-1F,31,QTUR-1-1F-31,1,29,3.79,21.1,14.25,28.86
QTUR,1,QTUR-1,1F,QTUR-1-1F,31,QTUR-1-1F-31,2,29,4,21.21,14.2,28.94
QTUR,1,QTUR-1,1G,QTUR-1-1G,51,QTUR-1-1G-51,1,15,0,16.35,13.45,29.42
QTUR,1,QTUR-1,1G,QTUR-1-1G,51,QTUR-1-1G-51,2,15,0,16,13.42,29.41
QTUR,1,QTUR-1,1H,QTUR-1-1H,21,QTUR-1-1H-21,1,23,6.85,23.52,17.33,33.67
QTUR,1,QTUR-1,1H,QTUR-1-1H,21,QTUR-1-1H-21,2,23,7.17,23.4,17.4,33.42
QTUR,1,QTUR-1,1I,QTUR-1-1I,1,QTUR-1-1I-1,1,17,3.67,18.52,18.95,26.81
QTUR,1,QTUR-1,1I,QTUR-1-1I,1,QTUR-1-1I-1,2,17,3.61,18.41,18.63,26.99
QTUR,1,QTUR-1,1J,QTUR-1-1J,1,QTUR-1-1J-1,1,11,2.52,16.84,12.3,27.05
QTUR,1,QTUR-1,1J,QTUR-1-1J,1,QTUR-1-1J-1,2,11,2.57,17,12.52,27.17
QTUR,1,QTUR-1,1K,QTUR-1-1K,1,QTUR-1-1K-1,2,15,2.7,17.25,13.33,24.47
QTUR,1,QTUR-1,1K,QTUR-1-1K,11,QTUR-1-1K-11,1,15,2.64,17.17,13.49,24.24
QTUR,1,QTUR-1,1L,QTUR-1-1L,1,QTUR-1-1L-1,1,11,3.12,19.96,14.99,31.66
QTUR,1,QTUR-1,1L,QTUR-1-1L,1,QTUR-1-1L-1,2,11,3,20.1,14.77,31.74
QTUR,1,QTUR-1,1M,QTUR-1-1M,21,QTUR-1-1M-21,1,14,2.96,23.61,17.46,31.19
QTUR,1,QTUR-1,1M,QTUR-1-1M,21,QTUR-1-1M-21,2,14,3.02,23.43,17.72,31.21
QTUR,1,QTUR-1,1N,QTUR-1-1N,1,QTUR-1-1N-1,1,12,1.91,18.22,13.8,28.27
QTUR,1,QTUR-1,1N,QTUR-1-1N,1,QTUR-1-1N-1,2,12,2.12,18.09,13.76,28.12
QTUR,1,QTUR-1,1O,QTUR-1-1O,21,QTUR-1-1O-21,1,12,2.15,18.99,13.65,25.79
QTUR,1,QTUR-1,1O,QTUR-1-1O,21,QTUR-1-1O-21,2,12,2.31,19.27,16.01,26.02
QTUR,1,QTUR-1,1P,QTUR-1-1P,11,QTUR-1-1P-11,1,18,3.89,19.42,17.44,32.08
QTUR,1,QTUR-1,1P,QTUR-1-1P,11,QTUR-1-1P-11,2,18,3.5,19.26,17.23,31.69
QTUR,1,QTUR-1,1Q,QTUR-1-1Q,11,QTUR-1-1Q-11,1,19,1.66,19.46,13.5,29.52
QTUR,1,QTUR-1,1Q,QTUR-1-1Q,11,QTUR-1-1Q-11,2,19,1.66,19.7,13.46,29.62
QTUR,1,QTUR-1,1R,QTUR-1-1R,11,QTUR-1-1R-11,1,19,4.34,21.22,13.7,29.76
QTUR,1,QTUR-1,1R,QTUR-1-1R,11,QTUR-1-1R-11,2,19,4.4,21.1,13.92,29.58
QTUR,1,QTUR-1,1S,QTUR-1-1S,11,QTUR-1-1S-11,1,15,1.56,16.9,13.56,27.88
QTUR,1,QTUR-1,1S,QTUR-1-1S,11,QTUR-1-1S-11,2,15,1.56,17.06,13.66,27.68
QTUR,1,QTUR-1,1T,QTUR-1-1T,11,QTUR-1-1T-11,1,11,0,9.66,13.52,26.6
QTUR,1,QTUR-1,1T,QTUR-1-1T,11,QTUR-1-1T-11,2,11,0,9.38,13.6,28.82
QTUR,1,QTUR-1,1U,QTUR-1-1U,1,QTUR-1-1U-1,1,15,1.88,20.54,15.02,29.36
QTUR,1,QTUR-1,1U,QTUR-1-1U,1,QTUR-1-1U-1,2,15,1.88,20.64,14.98,29.48
QTUR,1,QTUR-1,1V,QTUR-1-1V,1,QTUR-1-1V-1,1,11,0.7,17.5,14.34,27.24
QTUR,1,QTUR-1,1V,QTUR-1-1V,1,QTUR-1-1V-1,2,11,0.6,17.42,14.08,27.28
QTUR,1,QTUR-1,1W,QTUR-1-1W,21,QTUR-1-1W-21,1,20,4.3,18.92,14.26,28.52
QTUR,1,QTUR-1,1W,QTUR-1-1W,21,QTUR-1-1W-21,2,20,4.04,19.2,14.02,28.54
QTUR,1,QTUR-1,1X,QTUR-1-1X,21,QTUR-1-1X-21,1,11,3.4,16.54,12.44,27.38
QTUR,1,QTUR-1,1X,QTUR-1-1X,21,QTUR-1-1X-21,2,11,3.14,17.46,13.64,27.6
QTUR,1,QTUR-1,1Y,QTUR-1-1Y,1,QTUR-1-1Y-1,1,11,0,16.54,11.92,27.1
QTUR,1,QTUR-1,1Y,QTUR-1-1Y,1,QTUR-1-1Y-1,2,11,0,16.38,11.98,27.12
QTUR,2,QTUR-2,2A,QTUR-2-2A,21,QTUR-2-2A-21,1,21,4.29,20.28,14.02,30.23
QTUR,2,QTUR-2,2A,QTUR-2-2A,21,QTUR-2-2A-21,2,21,4.42,20.58,14.48,30.1
QTUR,2,QTUR-2,2B,QTUR-2-2B,1,QTUR-2-2B-1,1,25,0.82,19.21,13.97,29.25
QTUR,2,QTUR-2,2B,QTUR-2-2B,1,QTUR-2-2B-1,2,25,0.69,19.33,13.43,29.33
QTUR,2,QTUR-2,2C,QTUR-2-2C,1,QTUR-2-2C-1,1,16,0.22,15.38,11.72,27.48
QTUR,2,QTUR-2,2C,QTUR-2-2C,1,QTUR-2-2C-1,2,16,0.32,15.4,11.58,27.56
QTUR,2,QTUR-2,2D,QTUR-2-2D,11,QTUR-2-2D-11,1,15,2.31,17.89,15.21,28.42
QTUR,2,QTUR-2,2D,QTUR-2-2D,11,QTUR-2-2D-11,2,15,2.56,18.29,15.13,28.72
QTUR,2,QTUR-2,2E,QTUR-2-2E,111,QTUR-2-2E-111,1,18,0.48,17.3,11.03,26.28
QTUR,2,QTUR-2,2E,QTUR-2-2E,111,QTUR-2-2E-111,2,18,0.34,17.31,11.09,26.35
QTUR,2,QTUR-2,2F,QTUR-2-2F,31,QTUR-2-2F-31,1,22,4.6,21.1,13.55,29.13
QTUR,2,QTUR-2,2F,QTUR-2-2F,31,QTUR-2-2F-31,2,22,4.42,20.98,13.56,28.99
QTUR,2,QTUR-2,2G,QTUR-2-2G,1,QTUR-2-2G-1,1,12,0.37,18.61,13.26,28.59
QTUR,2,QTUR-2,2G,QTUR-2-2G,1,QTUR-2-2G-1,2,12,0.27,18.56,13.44,28.72
QTUR,2,QTUR-2,2H,QTUR-2-2H,21,QTUR-2-2H-21,1,14,2.44,18.4,12.44,27.71
QTUR,2,QTUR-2,2H,QTUR-2-2H,21,QTUR-2-2H-21,2,14,2.32,18.27,12.61,27.59
QTUR,2,QTUR-2,2I,QTUR-2-2I,1,QTUR-2-2I-1,1,14,1.36,20.71,16.31,30.97
QTUR,2,QTUR-2,2I,QTUR-2-2I,1,QTUR-2-2I-1,2,14,1.12,20.57,16.59,31.11
QTUR,2,QTUR-2,2J,QTUR-2-2J,21,QTUR-2-2J-21,1,18,0.78,16.79,14.08,29.13
QTUR,2,QTUR-2,2J,QTUR-2-2J,21,QTUR-2-2J-21,2,18,0.7,17.09,14.5,29.9
QTUR,2,QTUR-2,2K,QTUR-2-2K,21,QTUR-2-2K-21,1,15,3.04,19.22,15.97,29.4
QTUR,2,QTUR-2,2K,QTUR-2-2K,21,QTUR-2-2K-21,2,15,2.95,19.2,16.23,29.12
QTUR,2,QTUR-2,2L,QTUR-2-2L,21,QTUR-2-2L-21,1,15,3.97,22.44,15.48,31.58
QTUR,2,QTUR-2,2L,QTUR-2-2L,21,QTUR-2-2L-21,2,15,4.03,22.27,15.72,31.43
QTUR,2,QTUR-2,2M,QTUR-2-2M,21,QTUR-2-2M-21,1,18,1.76,19.34,14.2,30.74
QTUR,2,QTUR-2,2M,QTUR-2-2M,21,QTUR-2-2M-21,2,18,1.56,19.36,14.42,30.48
QTUR,2,QTUR-2,2N,QTUR-2-2N,31,QTUR-2-2N-31,1,22,4.64,21.84,12.5,29.7
QTUR,2,QTUR-2,2N,QTUR-2-2N,31,QTUR-2-2N-31,2,22,4.84,21.66,12.76,29.72
QTUR,2,QTUR-2,2O,QTUR-2-2O,21,QTUR-2-2O-21,1,26,3.86,18.36,14.28,28.68
QTUR,2,QTUR-2,2O,QTUR-2-2O,21,QTUR-2-2O-21,2,26,4.02,18.62,14.26,28.44
QTUR,2,QTUR-2,2P,QTUR-2-2P,21,QTUR-2-2P-21,1,27,5.5,22.12,15.72,30.02
QTUR,2,QTUR-2,2P,QTUR-2-2P,21,QTUR-2-2P-21,2,27,5.7,21.94,15.64,29.96
QTUR,2,QTUR-2,2Q,QTUR-2-2Q,1,QTUR-2-2Q-1,1,24,2.66,18.66,13.56,27.02
QTUR,2,QTUR-2,2Q,QTUR-2-2Q,1,QTUR-2-2Q-1,2,24,2.42,18.46,13.54,26.96
QTUR,2,QTUR-2,2R,QTUR-2-2R,31,QTUR-2-2R-31,1,12,2.32,18.18,13.6,29
QTUR,2,QTUR-2,2R,QTUR-2-2R,31,QTUR-2-2R-31,2,12,2.5,17.82,13.64,29.2
QTUR,2,QTUR-2,2S,QTUR-2-2S,21,QTUR-2-2S-21,1,14,0,15.32,13.34,26.44
QTUR,2,QTUR-2,2S,QTUR-2-2S,21,QTUR-2-2S-21,2,14,0,15.62,13.34,26.18
QTUR,2,QTUR-2,2T,QTUR-2-2T,21,QTUR-2-2T-21,1,13,4.88,23.82,15.18,31.22
QTUR,2,QTUR-2,2T,QTUR-2-2T,21,QTUR-2-2T-21,2,13,4.62,23.48,15.08,31.54
QTUR,2,QTUR-2,2U,QTUR-2-2U,1,QTUR-2-2U-1,1,18,3.12,18.26,12.18,29.24
QTUR,2,QTUR-2,2U,QTUR-2-2U,1,QTUR-2-2U-1,2,18,3.14,18.48,12.46,29.28
QTUR,2,QTUR-2,2V,QTUR-2-2V,1,QTUR-2-2V-1,1,11,1.66,19.14,13.6,33.6
QTUR,2,QTUR-2,2V,QTUR-2-2V,1,QTUR-2-2V-1,2,11,1.88,19.4,13.6,33.86
QTUR,2,QTUR-2,2W,QTUR-2-2W,1,QTUR-2-2W-1,1,11,2.54,21.32,18.02,33.06
QTUR,2,QTUR-2,2W,QTUR-2-2W,1,QTUR-2-2W-1,2,11,2.48,21.14,17.86,33
QTUR,2,QTUR-2,2X,QTUR-2-2X,21,QTUR-2-2X-21,1,13,2.4,17.92,12.92,29.14
QTUR,2,QTUR-2,2X,QTUR-2-2X,21,QTUR-2-2X-21,2,13,2.56,18.12,13.24,28.96
QTUR,2,QTUR-2,2Y,QTUR-2-2Y,21,QTUR-2-2Y-21,1,13,2.58,19.02,13.4,27.54
QTUR,2,QTUR-2,2Y,QTUR-2-2Y,21,QTUR-2-2Y-21,2,13,2.3,19.34,13.7,27.7