TYPE;IDENTITY;IDNO;LEN;TIP;MAX;MIN;TEETH
POP;ALAN;1;87;42;24;0.5;11
POP;ALAN;1;92;50;25;1;11
POP;ALAN;1;81;41;28;1;13
POP;ALAN;1;71;40;16;0.5;9
POP;ALAN;1;57;29;16;0.5;8
POP;ALAN;1;71;37;18;0.5;9
POP;ALAN;1;80;45;23;1;10
POP;ALAN;1;81;44;21;1;7
POP;ALAN;1;62;30;17;0.5;9
POP;ALAN;1;77;44;22;1;12
POP;ALGU;2;65;21;13;3;12
POP;ALGU;2;82;22;16;6;13
POP;ALGU;2;74;28;15;6;12
POP;ALGU;2;67;16;13;5;13
POP;ALGU;2;67;16;12;4;17
POP;ALGU;2;63;12;13;6;11
POP;ALGU;2;78;28;17;6;11
POP;ALGU;2;81;27;15;5;12
POP;ALGU;2;90;25;17;4;13
POP;ALGU;2;62;14;13;7;12
POP;ALGU;2;70;16;14;4;13
POP;ALGU;2;71;23;15;5;15
POP;ALGU;2;65;19;14;4;16
POP;ALGU;2;65;15;13;6;14
POP;ALGU;2;63;20;13;7;13
POP;ANTW;3;105;31;20;5;16
POP;ANTW;3;106;27;30;15;14
POP;ANTW;3;85;30;21;14;10
POP;ANTW;3;121;45;23;9;20
POP;ANTW;3;102;35;23;6;17
POP;ANTW;3;107;27;29;10;19
POP;ANTW;3;94;24;27;17;14
POP;ANTW;3;109;39;25;5;23
POP;ANTW;3;122;45;26;7;27
POP;ANTW;3;102;33;23;7;21
POP;ANTW;3;122;45;28;8;20
POP;ANTW;3;145;53;32;5;21
POP;ANTW;3;108;24;21;9;15
POP;ANTW;3;120;54;35;10;18
POP;ARHU;4;94;51;26;2;23
POP;ARHU;4;124;60;43;3;39
POP;ARHU;4;65;15;14;3;10
POP;ARHU;4;72;30;17;2;20
POP;ARHU;4;83;35;22;2;21
POP;ARHU;4;97;40;21;3;31
POP;ARHU;4;87;37;22;2;22
POP;ARHU;4;80;28;15;2;11
POP;ARHU;4;85;50;21;2;23
POP;ARHU;4;80;20;13;5;19
POP;ARHU;4;87;37;27;2;21
POP;ARHU;4;63;30;18;3;15
POP;ARHU;4;99;51;23;2;28
POP;ARHU;4;75;33;20;2;27
POP;ARRI;5;96;32;20;2;24
POP;ARRI;5;80;29;19;1;19
POP;ARRI;5;82;24;17;4;15
POP;ARRI;5;60;21;12;3;8
POP;ARRI;5;67;22;16;4;6
POP;ARRI;5;83;28;19;2;12
POP;ARRI;5;73;23;18;2;14
POP;ARRI;5;75;28;18;1;17
POP;ARRI;5;82;36;20;2;19
POP;ARRI;5;54;20;12;3;7
POP;ARRI;5;75;27;16;4;11
POP;ARRI;5;77;24;19;3;8
POP;ARRI;5;84;32;17;2;18
POP;ARRI;5;80;28;20;3;10
POP;BLID;6;75;19;14;5;23
POP;BLID;6;97;34;17;8;35
POP;BLID;6;88;29;15;6;35
POP;BLID;6;84;22;15;7;28
POP;BLID;6;60;20;11;6;22
POP;BLID;6;88;31;15;7;24
POP;BLID;6;92;22;17;9;26
POP;BLID;6;87;31;19;9;27
POP;BLID;6;85;25;16;6;28
POP;BLID;6;74;24;13;7;27
POP;BLID;6;63;29;14;6;33
POP;BLID;6;103;20;16;7;35
POP;BLID;6;90;32;17;10;25
POP;BLID;6;103;40;17;6;29
POP;BLID;6;77;24;15;6;27
POP;BLID;6;89;33;16;6;30
POP;BLID;6;67;15;13;5;24
POP;BLID;6;82;22;15;8;23
POP;BLID;6;92;33;15;6;22
POP;BORD;7;101;48;26;2;29
POP;BORD;7;87;28;19;4;18
POP;BORD;7;87;29;23;4;17
POP;BORD;7;100;27;23;4;20
POP;BORD;7;102;27;18;5;23
POP;BORD;7;113;28;27;13;27
POP;BORD;7;124;35;26;6;23
POP;BORD;7;101;33;22;10;18
POP;BORD;7;108;46;22;4;18
POP;BORD;7;103;36;31;7;29
POP;BORD;7;93;26;25;4;28
POP;BORD;7;112;31;27;4;19
POP;BORD;7;101;23;19;11;12
POP;BORD;7;74;31;21;5;17
POP;BORO;8;70;23;11;7;18
POP;BORO;8;77;31;14;6;25
POP;BORO;8;70;23;13;5;22
POP;BORO;8;68;21;11;5;22
POP;BORO;8;67;19;12;5;21
POP;BORO;8;82;25;14;5;22
POP;BORO;8;64;22;11;7;18
POP;BORO;8;70;36;14;3;14
POP;BORO;8;52;15;12;3;11
POP;BORO;8;63;19;13;3;14
POP;BORO;8;86;23;15;4;23
POP;BORO;8;56;21;9;4;25
POP;BORO;8;67;19;11;4;23
POP;BORO;8;67;17;13;6;22
POP;BORO;8;72;25;15;4;15
POP;BORO;8;68;28;13;5;24
POP;BORO;8;67;15;12;5;19
POP;BORO;8;63;23;10;4;23
POP;BORO;8;57;13;9;6;17
POP;BORO;8;61;21;11;5;17
POP;BRAN;9;87;41;18;1;18
POP;BRAN;9;101;30;22;2;13
POP;BRAN;9;74;30;18;1;23
POP;BRAN;9;111;38;23;2;26
POP;BRAN;9;95;27;19;2;15
POP;BRAN;9;78;33;17;2;19
POP;BRAN;9;107;31;20;1;16
POP;BRAN;9;66;30;17;3;13
POP;BRAN;9;73;23;19;1;14
POP;BRAN;9;82;26;18;1;14
POP;BRAN;9;85;34;19;1;13
POP;BRAN;9;89;30;20;2;14
POP;BRAN;9;88;30;19;1;26
POP;BRAN;9;79;38;15;2;15
POP;BRAN;9;89;31;20;2;17
POP;BRIT;10;83;29;18;3;14
POP;BRIT;10;75;27;15;5;11
POP;BRIT;10;97;20;19;5;12
POP;BRIT;10;69;24;14;3;13
POP;BRIT;10;68;18;16;5;14
POP;BRIT;10;81;22;18;3;14
POP;BRIT;10;83;30;18;4;10
POP;BRIT;10;93;33;19;4;11
POP;BRIT;10;74;29;15;4;12
POP;BRIT;10;83;24;13;4;12
POP;BRIT;10;88;28;21;2;15
POP;BRIT;10;68;24;15;4;11
POP;BRIT;10;79;25;14;2;13
POP;BRIT;10;91;30;15;3;19
POP;DROS;11;77;28;20;2;17
POP;DROS;11;132;45;37;1;31
POP;DROS;11;84;28;21;1;21
POP;DROS;11;109;37;26;1;23
POP;DROS;11;96;36;18;1;15
POP;DROS;11;69;22;11;1;21
POP;DROS;11;97;36;22;1;23
POP;DROS;11;88;40;21;1;12
POP;DROS;11;100;61;26;1;31
POP;DROS;11;71;25;16;1;20
POP;DROS;11;95;40;23;1;22
POP;DROS;11;109;41;31;2;25
POP;DROS;11;119;37;32;2;28
POP;DROS;11;98;27;24;2;29
POP;DROS;11;88;34;25;2;17
POP;DROS;11;86;29;18;1;20
POP;DROS;11;72;25;18;1;16
POP;DROS;11;84;28;21;2;24
POP;EKEL;12;97;32;26;1;33
POP;EKEL;12;83;35;26;1;27
POP;EKEL;12;71;23;16;1;15
POP;EKEL;12;91;52;21;0.5;21
POP;EKEL;12;71;29;21;1;17
POP;EKEL;12;66;20;12;0.5;9
POP;EKEL;12;88;34;23;0.5;27
POP;EKEL;12;65;27;18;0.5;14
POP;EKEL;12;75;26;19;1;20
POP;EKEL;12;66;22;12;1;20
POP;EKEL;12;70;23;13;2;17
POP;EKEL;12;99;31;24;0.5;20
POP;EKEL;12;83;31;18;1;29
POP;EKEL;12;84;31;17;0.5;18
POP;EKEL;12;69;26;15;1;16
POP;EKEL;12;96;30;20;1;28
POP;EKEL;12;75;27;17;1;14
POP;EKEL;12;87;50;28;2;32
POP;EKEL;12;70;35;25;0.5;22
POP;EKEL;12;82;32;19;1;25
POP;FILE;13;79;39;15;3;13
POP;FILE;13;80;22;15;4;10
POP;FILE;13;87;30;19;4;12
POP;FILE;13;82;41;16;3;14
POP;FILE;13;70;16;13;4;14
POP;FILE;13;77;23;17;3;11
POP;FILE;13;82;25;16;3;13
POP;FILE;13;83;18;15;4;15
POP;FILE;13;85;27;17;3;16
POP;FILE;13;69;22;15;3;16
POP;FILE;13;85;26;16;4;18
POP;FILE;13;76;27;14;1;18
POP;FILE;13;77;36;15;3;15
POP;FILE;13;81;36;17;3;14
POP;FILE;13;72;21;13;4;14
POP;FILE;13;85;26;16;3;13
POP;FILE;13;88;38;19;4;15
POP;FILE;13;78;23;15;4;12
POP;FRAN;14;75;35;20;4;23
POP;FRAN;14;121;43;28;4;25
POP;FRAN;14;119;32;30;7;19
POP;FRAN;14;92;29;20;11;18
POP;FRAN;14;96;26;21;13;17
POP;FRAN;14;97;28;24;3;25
POP;FRAN;14;88;23;20;17;13
POP;FRAN;14;120;33;20;14;19
POP;FRAN;14;103;36;21;5;22
POP;FRAN;14;115;40;22;13;14
POP;FRAN;14;138;44;26;5;18
POP;FRAN;14;116;30;16;14;15
POP;FRAN;14;140;47;27;8;23
POP;FRAN;14;140;38;31;5;22
POP;FRAN;14;135;44;26;9;16
POP;GAVL;15;66;16;14;3;19
POP;GAVL;15;55;19;13;2;25
POP;GAVL;15;58;23;10;3;13
POP;GAVL;15;52;18;10;2;20
POP;GAVL;15;80;29;17;2;33
POP;GAVL;15;71;33;14;3;20
POP;GAVL;15;63;25;15;2;25
POP;GAVL;15;56;21;12;2;28
POP;GAVL;15;63;18;11;2;21
POP;GAVL;15;77;18;15;3;21
POP;GAVL;15;52;21;10;4;17
POP;GAVL;15;64;20;14;3;21
POP;GAVL;15;69;17;13;3;22
POP;GAVL;15;66;25;13;2;21
POP;GAVL;15;61;22;13;3;16
POP;GOTT;16;101;50;23;3;25
POP;GOTT;16;95;39;22;2;16
POP;GOTT;16;117;42;28;3;29
POP;GOTT;16;100;49;20;3;31
POP;GOTT;16;110;45;22;4;27
POP;GOTT;16;101;35;19;2;28
POP;GOTT;16;102;54;22;3;31
POP;GOTT;16;119;48;29;2;29
POP;GOTT;16;88;40;22;4;22
POP;GOTT;16;98;38;22;4;31
POP;GOTT;16;86;35;22;2;26
POP;GOTT;16;95;36;22;2;27
POP;GOTT;16;95;38;21;2;24
POP;GOTT;16;96;37;24;2;25
POP;GOTT;16;80;30;15;2;23
POP;HAGE;17;78;30;22;3;22
POP;HAGE;17;70;26;18;2;19
POP;HAGE;17;79;31;20;2;27
POP;HAGE;17;75;23;20;3;18
POP;HAGE;17;86;33;21;2;21
POP;HAGE;17;75;31;22;2;20
POP;HAGE;17;63;29;15;3;12
POP;HAGE;17;85;29;18;2;21
POP;HAGE;17;75;30;19;2;28
POP;HAGE;17;78;23;21;2;29
POP;HAGE;17;81;37;16;2;26
POP;HAGE;17;70;31;21;2;23
POP;HAGE;17;72;29;17;2;30
POP;HAGE;17;100;38;22;1;23
POP;HAMR;18;76;24;18;4;11
POP;HAMR;18;67;15;16;5;13
POP;HAMR;18;90;29;18;3;15
POP;HAMR;18;66;29;16;4;12
POP;HAMR;18;76;28;18;3;14
POP;HAMR;18;75;20;14;4;12
POP;HAMR;18;83;28;19;4;11
POP;HAMR;18;78;34;17;5;12
POP;HAMR;18;71;19;16;5;11
POP;HAMR;18;70;18;14;4;13
POP;HAMR;18;75;23;17;5;10
POP;HAMR;18;90;36;20;4;12
POP;HAMR;18;76;27;14;4;10
POP;HAMR;18;78;28;14;3;14
POP;HAMR;18;57;19;12;4;9
POP;HIIU;19;103;34;25;3;19
POP;HIIU;19;95;35;15;4;15
POP;HIIU;19;99;34;18;2;12
POP;HIIU;19;84;25;13;2;14
POP;HIIU;19;78;33;13;1;11
POP;HIIU;19;105;30;14;2;12
POP;HIIU;19;102;46;19;5;14
POP;HIIU;19;102;31;16;5;9
POP;HIIU;19;81;31;13;3;9
POP;HIIU;19;96;37;17;3;17
POP;HIIU;19;92;38;16;2;14
POP;HIIU;19;103;30;13;6;9
POP;HIIU;19;85;32;13;5;10
POP;HIIU;19;75;16;12;6;9
POP;HIIU;19;81;37;15;2;12
POP;HIIU;19;82;30;13;2;16
POP;HIIU;19;85;31;13;2;11
POP;HIIU;19;110;41;18;2;16
POP;HIIU;19;78;40;10;1;27
POP;HIIU;19;69;24;11;1;8
POP;HOLL;20;94;34;13;3;10
POP;HOLL;20;83;30;15;5;16
POP;HOLL;20;77;33;15;3;15
POP;HOLL;20;71;32;12;2;11
POP;HOLL;20;95;33;14;7;13
POP;HOLL;20;89;26;13;3;17
POP;HOLL;20;83;24;13;4;15
POP;HOLL;20;84;27;15;4;11
POP;HOLL;20;71;22;12;9;21
POP;HOLL;20;61;15;10;4;13
POP;HOLL;20;94;41;17;2;15
POP;HOLL;20;77;21;13;8;15
POP;HOLL;20;88;38;15;2;20
POP;HOLL;20;72;25;11;5;14
POP;HOLL;20;88;31;16;4;13
POP;HORT;21;140;40;27;10;26
POP;HORT;21;92;22;20;7;14
POP;HORT;21;79;23;14;7;16
POP;HORT;21;115;98;25;6;29
POP;HORT;21;79;30;22;7;27
POP;HORT;21;88;16;22;7;16
POP;HORT;21;100;28;23;12;16
POP;HORT;21;114;31;21;7;17
POP;HORT;21;81;29;20;10;13
POP;HORT;21;97;30;23;8;18
POP;HORT;21;89;32;23;7;18
POP;HORT;21;101;29;21;8;11
POP;HORT;21;116;35;23;12;20
POP;HORT;21;97;15;20;8;15
POP;KALK;22;79;22;19;1;20
POP;KALK;22;92;31;21;1;34
POP;KALK;22;87;37;23;1;31
POP;KALK;22;67;18;16;1;24
POP;KALK;22;94;27;22;0.5;22
POP;KALK;22;70;30;15;2;21
POP;KALK;22;102;27;17;1;27
POP;KALK;22;80;25;15;0.5;16
POP;KALK;22;73;18;13;1;21
POP;KALK;22;123;40;25;0.5;18
POP;KALK;22;83;29;20;1;13
POP;KALK;22;83;30;17;1;20
POP;KALK;22;77;23;16;0.5;22
POP;KALK;22;74;27;16;0.5;19
POP;KALK;22;71;30;22;1;27
POP;KALK;22;97;30;26;1;25
POP;KALK;22;92;26;16;2;26
POP;KALK;22;79;30;23;1;30
POP;KALK;22;54;22;15;0.5;26
POP;KARL;23;105;35;26;11;14
POP;KARL;23;97;24;24;5;19
POP;KARL;23;106;30;25;6;12
POP;KARL;23;107;29;27;3;20
POP;KARL;23;118;42;26;2;16
POP;KARL;23;105;20;29;11;23
POP;KARL;23;96;28;16;6;16
POP;KARL;23;91;30;22;6;19
POP;KARL;23;113;38;28;6;24
POP;KARL;23;92;28;22;9;10
POP;KARL;23;114;23;22;16;16
POP;KARL;23;101;37;26;4;19
POP;KARL;23;108;33;22;6;17
POP;KARL;23;108;35;23;4;18
POP;KARL;23;94;33;25;8;17
POP;KURT;24;55;13;12;6;13
POP;KURT;24;83;25;16;2;27
POP;KURT;24;96;31;20;11;23
POP;KURT;24;84;26;12;10;12
POP;KURT;24;69;25;16;6;13
POP;KURT;24;82;30;16;1;28
POP;KURT;24;74;31;20;3;22
POP;KURT;24;81;45;27;2;28
POP;KURT;24;63;22;13;4;10
POP;KURT;24;59;26;14;4;12
POP;KURT;24;61;24;15;2;21
POP;KURT;24;83;28;20;3;21
POP;KURT;24;68;16;14;4;13
POP;KURT;24;78;32;17;8;19
POP;KURT;24;68;24;16;6;18
POP;KURT;24;93;34;20;2;30
POP;KURT;24;78;31;19;4;18
POP;KURT;24;75;24;19;7;16
POP;KURT;24;85;31;16;2;22
POP;KURT;24;61;21;13;8;17
POP;LERN;25;84;28;19;2;21
POP;LERN;25;81;32;21;1;22
POP;LERN;25;81;31;16;2;18
POP;LERN;25;86;41;18;3;16
POP;LERN;25;104;40;25;2;21
POP;LERN;25;91;37;19;1;22
POP;LERN;25;79;24;15;3;9
POP;LERN;25;108;30;20;4;17
POP;LERN;25;101;33;20;2;19
POP;LERN;25;128;49;25;2;14
POP;LERN;25;114;43;31;1;30
POP;LERN;25;115;38;32;2;25
POP;LERN;25;90;24;18;2;18
POP;LERN;25;99;32;24;1;19
POP;LOO;26;74;30;19;2;12
POP;LOO;26;73;26;15;2;15
POP;LOO;26;79;22;14;2;11
POP;LOO;26;84;28;17;1;15
POP;LOO;26;90;34;17;1;14
POP;LOO;26;73;22;19;3;15
POP;LOO;26;70;28;18;1;8
POP;LOO;26;90;36;16;1;10
POP;LOO;26;73;25;19;1;16
POP;LOO;26;83;27;18;1;14
POP;LOO;26;95;39;25;1;11
POP;LOO;26;79;28;22;1;16
POP;LOO;26;81;23;16;1;12
POP;LOO;26;68;26;19;1;11
POP;LOO;26;82;32;19;2;13
POP;LOO;26;65;24;15;7;6
POP;LOO;26;99;34;20;2;11
POP;LOO;26;77;15;11;5;13
POP;LOO;26;77;26;15;1;14
POP;LOO;26;88;27;18;1;18
POP;LUDV;27;79;34;13;2;16
POP;LUDV;27;90;32;18;3;19
POP;LUDV;27;83;26;18;2;32
POP;LUDV;27;76;36;15;2;26
POP;LUDV;27;75;24;17;3;20
POP;LUDV;27;77;24;17;2;31
POP;LUDV;27;63;22;15;2;24
POP;LUDV;27;85;31;20;4;18
POP;LUDV;27;70;22;17;3;26
POP;LUDV;27;79;19;16;5;14
POP;LUDV;27;76;22;16;2;29
POP;LUDV;27;79;29;16;2;21
POP;LUDV;27;75;26;17;2;30
POP;LUDV;27;72;28;14;3;18
POP;LUDV;27;74;25;16;4;29
POP;LUDV;27;69;28;14;2;31
POP;MOCK;28;117;52;42;1;39
POP;MOCK;28;97;45;23;1;38
POP;MOCK;28;96;52;25;1;24
POP;MOCK;28;88;33;23;0.5;21
POP;MOCK;28;86;30;21;1;28
POP;MOCK;28;104;52;25;1;21
POP;MOCK;28;85;33;33;1;23
POP;MOCK;28;92;40;40;1;31
POP;MOCK;28;58;15;13;1;17
POP;MOCK;28;82;30;23;1;27
POP;MOCK;28;85;47;25;0.5;28
POP;MOCK;28;86;34;23;1;34
POP;MOCK;28;76;25;19;1;30
POP;MOCK;28;86;30;23;1;19
POP;MOCK;28;72;24;17;0.5;32
POP;MOCK;28;80;26;17;0.5;18
POP;MOCK;28;95;51;26;1;24
POP;MOCKE;29;78;35;23;1;26
POP;MOCKE;29;93;50;36;1;35
POP;MOCKE;29;92;30;15;2;18
POP;MOCKE;29;88;42;23;2;22
POP;MOCKE;29;74;30;21;3;34
POP;MOCKE;29;81;27;18;1;38
POP;MOCKE;29;106;41;27;0.5;28
POP;MOCKE;29;83;38;20;1;32
POP;MOCKE;29;80;33;16;2;11
POP;MOCKE;29;97;38;25;2;35
POP;MOCKE;29;73;20;15;2;29
POP;MOCKE;29;81;42;24;2;19
POP;MOCKE;29;79;25;17;1;21
POP;MOCKE;29;80;25;20;1;26
POP;MOCKE;29;89;46;23;1;25
POP;MOCKE;29;87;25;22;1;21
POP;MOCKE;29;89;50;22;1;31
POP;MOCKE;29;69;33;21;1;35
POP;NOAR;30;86;25;18;1;23
POP;NOAR;30;87;20;13;1;12
POP;NOAR;30;71;20;13;1;18
POP;NOAR;30;94;28;18;2;12
POP;NOAR;30;72;26;16;1;20
POP;NOAR;30;68;24;13;2;12
POP;NOAR;30;87;33;17;1;17
POP;NOAR;30;62;17;10;2;13
POP;NOAR;30;87;36;19;2;24
POP;NOAR;30;118;62;19;1;26
POP;NOAR;30;105;42;18;2;21
POP;NOAR;30;70;42;16;1;20
POP;NOAR;30;62;33;13;2;14
POP;NOAR;30;74;24;15;1;13
POP;NOAR;30;66;32;16;1;20
POP;NOAR;30;66;25;15;1;18
POP;NOAR;30;96;55;21;1;19
POP;NOAR;30;76;42;14;1;16
POP;NORR;31;74;20;11;6;25
POP;NORR;31;74;18;12;5;21
POP;NORR;31;65;20;11;6;18
POP;NORR;31;83;29;10;7;19
POP;NORR;31;52;18;6;5;15
POP;NORR;31;90;26;15;6;25
POP;NORR;31;93;32;14;8;22
POP;NORR;31;76;31;13;8;12
POP;NORR;31;69;14;11;8;15
POP;NORR;31;66;25;13;6;23
POP;NORR;31;76;21;12;8;18
POP;NORR;31;68;22;10;6;13
POP;NORR;31;65;18;10;7;22
POP;NORR;31;81;32;12;6;25
POP;NORR;31;91;18;12;8;17
POP;NYNA;32;81;15;14;3;25
POP;NYNA;32;97;24;18;6;29
POP;NYNA;32;86;22;15;5;28
POP;NYNA;32;77;22;16;4;41
POP;NYNA;32;86;37;14;4;32
POP;NYNA;32;68;30;12;4;21
POP;NYNA;32;81;19;16;5;26
POP;NYNA;32;81;21;20;5;32
POP;NYNA;32;63;19;12;3;22
POP;NYNA;32;82;37;15;4;30
POP;NYNA;32;92;22;16;5;30
POP;NYNA;32;88;41;18;4;31
POP;NYNA;32;84;24;15;6;23
POP;NYNA;32;89;24;18;5;28
POP;NYNA;32;89;22;17;5;22
POP;NYNA;32;95;30;17;3;32
POP;NYNA;32;81;27;15;5;25
POP;NYNA;32;63;19;13;4;26
POP;NYNA;32;85;21;15;4;26
POP;NYNA;32;75;19;14;4;19
POP;ONTA;33;104;23;20;15;15
POP;ONTA;33;109;38;22;5;22
POP;ONTA;33;94;30;18;6;16
POP;ONTA;33;109;30;21;7;15
POP;ONTA;33;75;26;12;6;15
POP;ONTA;33;105;31;18;7;12
POP;ONTA;33;79;20;16;7;12
POP;ONTA;33;95;29;19;8;13
POP;ONTA;33;92;15;18;6;20
POP;ONTA;33;62;23;11;3;12
POP;ONTA;33;82;18;15;12;8
POP;ONTA;33;93;33;16;6;14
POP;ONTA;33;72;18;14;7;11
POP;ONTA;33;75;28;18;8;13
POP;ONTA;33;73;24;12;4;5
POP;OSKA;34;115;33;17;6;33
POP;OSKA;34;97;40;19;4;37
POP;OSKA;34;84;37;12;4;24
POP;OSKA;34;109;38;15;2;47
POP;OSKA;34;103;46;19;4;29
POP;OSKA;34;102;42;17;4;29
POP;OSKA;34;106;37;20;5;25
POP;OSKA;34;104;48;17;3;35
POP;OSKA;34;97;36;23;8;46
POP;OSKA;34;92;34;17;4;32
POP;OSKA;34;111;44;24;4;45
POP;OSKA;34;139;50;26;6;45
POP;OSKA;34;125;48;24;5;48
POP;OSKA;34;109;43;21;5;38
POP;OSKA;34;103;50;18;4;27
POP;OSKA;34;106;40;18;3;35
POP;OSKA;34;109;36;17;2;37
POP;OSKA;34;123;44;25;4;46
POP;OSKA;34;79;25;15;4;29
POP;OSKA;34;115;35;23;5;40
POP;OSKA;34;92;29;19;3;39
POP;OSTE;35;62;18;12;3;15
POP;OSTE;35;63;23;16;3;22
POP;OSTE;35;72;25;14;3;18
POP;OSTE;35;70;25;21;6;11
POP;OSTE;35;60;17;15;4;22
POP;OSTE;35;85;36;21;4;17
POP;OSTE;35;77;27;20;6;16
POP;OSTE;35;66;17;14;4;12
POP;OSTE;35;62;17;14;5;17
POP;OSTE;35;63;24;15;3;14
POP;OSTE;35;60;17;13;3;22
POP;OSTE;35;60;27;13;4;15
POP;OSTE;35;57;20;14;3;13
POP;OSTE;35;63;25;15;5;25
POP;OSTE;35;64;27;15;4;17
POP;OSTE;35;64;20;16;3;23
POP;OSTE;35;61;21;15;3;15
POP;OSTE;35;63;19;13;3;16
POP;PLM;36;86;42;23;3;20
POP;PLM;36;78;26;16;4;12
POP;PLM;36;92;34;17;3;32
POP;PLM;36;82;22;18;5;15
POP;PLM;36;79;27;17;5;15
POP;PLM;36;67;25;14;3;20
POP;PLM;36;77;23;19;6;19
POP;PLM;36;97;36;21;2;15
POP;PLM;36;95;23;20;14;23
POP;PLM;36;83;38;18;3;21
POP;PLM;36;65;22;14;2;14
POP;PLM;36;63;22;16;3;14
POP;PLM;36;78;27;20;4;25
POP;PLM;36;90;26;21;7;26
POP;PLM;36;79;24;19;6;19
POP;PLM;36;62;23;15;2;11
POP;RAPP;37;87;32;23;2;26
POP;RAPP;37;85;25;18;0.5;20
POP;RAPP;37;69;22;18;0.5;20
POP;RAPP;37;66;21;20;0.5;22
POP;RAPP;37;81;24;20;1;21
POP;RAPP;37;88;23;14;1;18
POP;RAPP;37;93;41;27;2;32
POP;RAPP;37;70;18;16;3;31
POP;RAPP;37;47;13;9;1;7
POP;RAPP;37;66;22;16;2;13
POP;RAPP;37;83;27;13;5;24
POP;RAPP;37;99;36;27;1;26
POP;RAPP;37;80;37;15;1;19
POP;RAPP;37;90;27;17;0.5;18
POP;RAPP;37;62;25;11;1;12
POP;RAPP;37;72;20;16;1;23
POP;RAPP;37;59;29;13;1;8
POP;RAPP;37;80;30;18;1;22
POP;RAPP;37;98;29;21;1;32
POP;RAPP;37;70;20;18;1;25
POP;ROST;38;80;30;17;4;19
POP;ROST;38;75;24;15;4;18
POP;ROST;38;82;23;17;3;18
POP;ROST;38;93;31;18;10;19
POP;ROST;38;80;36;19;4;19
POP;ROST;38;76;31;17;4;20
POP;ROST;38;63;26;16;3;12
POP;ROST;38;95;34;17;4;22
POP;ROST;38;106;46;23;5;24
POP;ROST;38;70;18;19;4;15
POP;ROST;38;91;22;19;4;19
POP;ROST;38;80;33;21;3;19
POP;ROST;38;97;36;21;5;18
POP;ROST;38;84;38;16;4;21
POP;RU88;39;71;28;14;5;28
POP;RU88;39;80;25;12;5;25
POP;RU88;39;81;31;13;4;20
POP;RU88;39;88;33;13;6;22
POP;RU88;39;78;32;13;9;18
POP;RU88;39;76;29;15;4;27
POP;RU88;39;76;26;14;4;28
POP;RU88;39;67;23;14;4;25
POP;RU88;39;77;24;12;5;23
POP;RU88;39;64;28;13;5;24
POP;RU88;39;66;25;11;3;18
POP;RU88;39;78;36;12;3;16
POP;RU88;39;77;23;14;4;25
POP;RU88;39;87;27;13;5;21
POP;RU88;39;73;32;15;5;24
POP;RU88;39;68;26;14;5;19
POP;RU88;39;71;25;12;5;19
POP;RU88;39;66;20;12;4;18
POP;RU88;39;77;28;14;5;24
POP;RUNM;40;78;26;12;2;22
POP;RUNM;40;74;32;12;2;22
POP;RUNM;40;63;21;11;4;16
POP;RUNM;40;83;43;13;3;26
POP;RUNM;40;80;37;11;3;24
POP;RUNM;40;74;26;11;3;25
POP;RUNM;40;68;20;10;4;15
POP;RUNM;40;78;35;13;3;22
POP;RUNM;40;79;25;13;3;27
POP;RUNM;40;87;35;13;3;28
POP;RUNM;40;63;33;11;3;23
POP;RUNM;40;61;21;10;3;19
POP;RUNM;40;65;26;10;3;22
POP;RUNM;40;74;29;11;2;27
POP;RUNM;40;89;40;12;2;29
POP;RUNM;40;60;20;9;2;22
POP;RUNM;40;65;23;9;3;21
POP;RUNM;40;63;23;9;3;20
POP;RUNM;40;62;21;11;2;20
POP;RUNM;40;69;26;10;2;24
POP;RYMA;41;68;34;19;0.5;9
POP;RYMA;41;75;39;14;1;8
POP;RYMA;41;70;35;16;1;13
POP;RYMA;41;83;39;17;1;15
POP;RYMA;41;58;34;13;0.5;8
POP;RYMA;41;64;36;13;0.5;9
POP;RYMA;41;69;37;17;1;6
POP;RYMA;41;31;16;7;0.5;7
POP;RYMA;41;65;31;14;1;9
POP;RYMA;41;84;49;16;1;13
POP;RYMA;41;56;33;14;0.5;11
POP;RYMA;41;60;31;14;0.5;7
POP;RYMA;41;67;40;16;0.5;11
POP;RYMA;41;68;20;16;1;10
POP;RYMA;41;48;28;11;0.5;10
POP;RYMA;41;67;32;15;1;10
POP;RYMA;41;64;34;15;0.5;17
POP;RYMA;41;77;41;16;1;16
POP;RYMA;41;71;20;20;1;18
POP;SANT;42;74;40;17;1;11
POP;SANT;42;76;28;15;2;12
POP;SANT;42;94;31;25;1;21
POP;SANT;42;93;29;22;1;24
POP;SANT;42;71;38;17;1;35
POP;SANT;42;70;36;14;1;17
POP;SANT;42;94;54;29;1;15
POP;SASK;43;88;23;13;6;24
POP;SASK;43;74;33;13;3;27
POP;SASK;43;78;23;14;9;17
POP;SASK;43;61;16;14;5;23
POP;SASK;43;90;33;17;3;21
POP;SASK;43;84;34;16;3;21
POP;SASK;43;82;25;16;3;18
POP;SASK;43;85;32;17;4;25
POP;SASK;43;61;22;14;2;14
POP;SASK;43;86;37;16;2;22
POP;SASK;43;95;43;18;2;19
POP;SASK;43;71;31;14;2;23
POP;SASK;43;82;29;17;3;26
POP;SASK;43;74;28;13;5;18
POP;SDSK;44;77;28;21;1;9
POP;SDSK;44;80;37;19;1;18
POP;SDSK;44;62;29;18;0.5;12
POP;SDSK;44;72;33;20;1;8
POP;SDSK;44;63;27;17;1;16
POP;SDSK;44;73;27;20;0.5;22
POP;SDSK;44;70;28;19;0.5;10
POP;SDSK;44;71;36;20;1;18
POP;SDSK;44;72;30;15;1;10
POP;SDSK;44;71;29;18;0.5;12
POP;SDSK;44;72;37;24;1;15
POP;SDSK;44;85;40;29;1;16
POP;SDSK;44;57;25;16;1;16
POP;SDSK;44;58;26;15;0.5;15
POP;SIGF;45;90;36;18;5;15
POP;SIGF;45;81;35;18;5;15
POP;SIGF;45;97;30;20;8;17
POP;SIGF;45;96;32;22;7;17
POP;SIGF;45;88;31;18;4;16
POP;SIGF;45;81;36;17;8;15
POP;SIGF;45;85;30;18;5;17
POP;SIGF;45;92;33;20;7;16
POP;SIGF;45;95;31;19;7;16
POP;SIGF;45;90;23;18;7;19
POP;SIGF;45;84;32;19;8;20
POP;SIGF;45;71;18;14;5;16
POP;SIGF;45;86;29;19;5;20
POP;SIGF;45;95;22;18;6;17
POP;SIGF;45;84;28;18;5;18
POP;SIGF;45;90;30;18;4;25
POP;SKOG;46;92;29;16;5;7
POP;SKOG;46;130;50;23;6;8
POP;SKOG;46;102;34;18;4;15
POP;SKOG;46;90;33;14;6;7
POP;SKOG;46;98;33;21;6;7
POP;SKOG;46;94;33;21;6;19
POP;SKOG;46;111;36;20;6;14
POP;SKOG;46;93;27;18;5;12
POP;SKOG;46;80;37;20;7;18
POP;SKOG;46;97;38;17;5;10
POP;SKOG;46;93;34;18;3;11
POP;SKOG;46;83;41;16;5;13
POP;SKOG;46;110;37;21;5;12
POP;SKOG;46;89;40;20;11;15
POP;SODE;47;76;22;15;6;17
POP;SODE;47;85;23;17;5;17
POP;SODE;47;77;29;20;4;22
POP;SODE;47;92;37;21;5;16
POP;SODE;47;93;30;20;5;27
POP;SODE;47;81;22;17;7;15
POP;SODE;47;76;21;15;6;22
POP;SODE;47;98;33;21;5;20
POP;SODE;47;81;24;13;5;18
POP;SODE;47;80;29;17;4;17
POP;SODE;47;92;38;14;4;16
POP;SODE;47;80;22;19;5;15
POP;SODE;47;112;35;26;8;25
POP;SODE;47;94;29;18;3;19
POP;SODE;47;72;28;19;7;10
POP;STAV;48;85;36;17;4;32
POP;STAV;48;82;35;16;4;30
POP;STAV;48;78;29;15;3;31
POP;STAV;48;68;16;15;4;30
POP;STAV;48;73;24;15;4;27
POP;STAV;48;65;18;16;4;26
POP;STAV;48;71;19;15;4;25
POP;STAV;48;77;21;14;3;34
POP;STAV;48;64;26;15;4;28
POP;STAV;48;79;35;14;5;34
POP;STAV;48;67;17;13;4;24
POP;STAV;48;54;15;11;2;14
POP;STAV;48;77;31;16;2;28
POP;STAV;48;57;16;13;3;22
POP;STAV;48;69;19;13;3;28
POP;STAV;48;58;23;12;4;27
POP;STAV;48;63;27;13;3;26
POP;STAV;48;77;33;13;3;26
POP;STAV;48;76;23;14;4;37
POP;TJEK;49;85;31;20;2;18
POP;TJEK;49;97;35;21;3;14
POP;TJEK;49;86;26;18;3;12
POP;TJEK;49;71;26;15;3;11
POP;TJEK;49;73;30;16;2;13
POP;TJEK;49;67;19;12;5;19
POP;TJEK;49;92;30;20;2;17
POP;TJEK;49;78;24;17;1;18
POP;TJEK;49;87;44;17;4;12
POP;TJEK;49;68;28;14;5;17
POP;TJEK;49;77;32;20;3;14
POP;TJEK;49;95;33;21;3;18
POP;TJEK;49;89;34;20;2;19
POP;TJEK;49;81;35;17;2;20
POP;UDDE;50;75;21;16;4;19
POP;UDDE;50;79;37;18;5;18
POP;UDDE;50;81;38;16;4;17
POP;UDDE;50;72;34;14;5;15
POP;UDDE;50;72;21;15;4;17
POP;UDDE;50;97;41;21;5;20
POP;UDDE;50;81;34;16;5;18
POP;UDDE;50;80;34;20;6;18
POP;UDDE;50;78;22;15;3;20
POP;UDDE;50;88;25;17;3;21
POP;UDDE;50;76;34;18;5;28
POP;UDDE;50;71;23;15;4;16
POP;UDDE;50;83;34;19;4;29
POP;UDDE;50;83;25;16;4;19
POP;UDDE;50;85;45;16;3;25
POP;UDDE;50;76;38;17;4;16
POP;UDDE;50;70;32;18;4;18
POP;UDDE;50;86;41;19;5;25
POP;UDDE;50;72;40;16;4;19
POP;UDDE;50;46;14;10;4;15
POP;VABY;51;74;18;14;6;21
POP;VABY;51;86;23;15;7;16
POP;VABY;51;73;22;16;7;22
POP;VABY;51;80;30;15;8;14
POP;VABY;51;81;16;13;8;16
POP;VABY;51;76;23;15;9;29
POP;VABY;51;83;34;18;5;23
POP;VABY;51;82;35;16;7;20
POP;VABY;51;63;24;14;7;21
POP;VABY;51;105;19;14;7;34
POP;VABY;51;87;26;17;6;30
POP;VABY;51;75;22;18;6;30
POP;VABY;51;94;25;17;6;29
POP;VABY;51;98;33;18;5;28
POP;VABY;51;88;27;14;6;23
POP;VABY;51;89;27;17;6;20
POP;VABY;51;98;26;14;7;25
POP;VABY;51;74;21;12;6;17
POP;VABY;51;67;23;19;7;28
POP;VICK;52;74;31;15;2;22
POP;VICK;52;92;25;20;0.5;17
POP;VICK;52;62;20;13;1;13
POP;VICK;52;100;50;23;1;18
POP;VICK;52;101;30;22;1;31
POP;VICK;52;79;28;18;0.5;16
POP;VICK;52;76;20;16;1;18
POP;VICK;52;98;29;19;1;19
POP;VICK;52;62;27;19;1;13
POP;VICK;52;70;25;18;2;18
POP;VICK;52;74;24;19;1;23
POP;VICK;52;76;32;18;0.5;18
POP;VICK;52;85;33;20;1;21
POP;VICK;52;107;35;28;1;33
POP;VICK;52;95;45;23;1;30
POP;VICK;52;98;37;27;0.5;24
POP;VICK;52;86;29;21;1;27
POP;VICK;52;70;25;20;0.5;24
POP;VICK;52;68;27;15;2;18
POP;VILH;53;63;26;13;4;14
POP;VILH;53;83;34;18;5;18
POP;VILH;53;75;25;15;5;16
POP;VILH;53;74;27;15;4;16
POP;VILH;53;75;22;16;5;10
POP;VILH;53;72;24;17;5;12
POP;VILH;53;67;13;14;5;15
POP;VILH;53;74;28;15;4;19
POP;VILH;53;68;22;15;5;16
POP;VILH;53;79;20;15;4;16
POP;VILH;53;99;40;18;5;19
POP;VILH;53;83;31;16;4;17
POP;VILH;53;73;15;13;4;18
POP;VILH;53;81;18;15;6;19
POP;VILH;53;80;28;16;4;16
POP;VILH;53;73;31;14;6;17
POP;VILH;53;82;31;17;5;17
POP;VILH;53;73;20;15;5;18
POP;VILH;53;91;28;18;6;19
POP;VISB;54;105;40;27;1;28
POP;VISB;54;78;27;21;2;21
POP;VISB;54;87;21;12;5;20
POP;VISB;54;85;33;19;2;20
POP;VISB;54;77;27;17;1;19
POP;VISB;54;78;30;19;2;18
POP;VISB;54;78;16;13;5;17
POP;VISB;54;90;35;18;5;20
POP;VISB;54;110;47;28;4;33
POP;VISB;54;93;38;21;6;19
POP;VISB;54;107;43;25;4;25
POP;VISB;54;110;49;30;2;31
POP;VISB;54;89;31;19;2;29
POP;VISB;54;78;34;22;4;19
POP;VISB;54;90;32;21;2;18
OUTX;1;101;63;21;14;1;13
OUTX;1;101;52;23;11;0.5;18
OUTX;1;101;59;23;11;0.5;20
OUTX;1;101;57;32;14;1;21
OUTX;1;101;53;26;10;1;17
OUTX;2;102;56;19;10;0.5;16
OUTX;2;102;55;22;10;1;17
OUTX;2;102;63;22;15;2;14
OUTX;2;102;60;22;14;3;15
OUTX;2;102;54;20;14;3;14
OUTX;3;103;59;22;13;0.5;15
OUTX;3;103;56;20;12;0.5;18
OUTX;3;103;65;21;12;1;14
OUTX;3;103;61;22;12;1;16
OUTX;4;104;60;20;12;1;14
OUTX;4;104;75;19;15;1;17
OUTX;4;104;81;27;14;1;17
OUTX;4;104;54;25;11;2;15
OUTX;5;105;57;25;11;1;10
OUTX;5;105;70;20;10;1;14
OUTX;5;105;67;17;11;1;16
OUTX;5;105;65;21;13;1;15
OUTX;5;105;60;19;12;1;19
OUTX;5;105;62;24;13;1;21
OUTX;6;106;50;13;11;3;12
OUTX;6;106;44;19;11;4;13
OUTX;6;106;61;20;15;3;11
OUTX;6;106;62;21;10;1;12
OUTX;6;106;57;19;12;0.5;15
OUTX;6;106;75;20;12;0.5;19
OUTX;6;106;73;23;15;0.5;20
OUTX;6;106;67;18;10;0.5;20
OUTX;6;106;62;19;13;1;19
OUTX;7;107;57;16;10;1;13
OUTX;7;107;63;20;12;1;12
OUTX;7;107;49;16;12;1;12
OUTX;7;107;58;22;15;0.5;13
OUTX;7;107;59;22;15;2;10
OUTX;7;107;75;24;15;1;15
OUTX;7;107;67;18;13;2;9
OUTX;8;108;59;18;10;0.5;14
OUTX;8;108;64;19;13;2;16
OUTX;8;108;65;23;14;1;13
OUTX;8;108;50;17;14;1;15
OUTX;10;110;60;26;13;1;12
OUTX;10;110;59;22;13;1;16
OUTX;10;110;58;21;14;1;15
OUTX;10;110;61;19;13;2;18
OUTX;10;110;47;16;12;1;17
OUTX;12;112;61;24;14;1;15
OUTX;12;112;61;24;14;2;12
OUTX;12;112;60;25;11;0.5;19
OUTX;12;112;70;26;14;2;13
OUTX;12;112;66;26;13;1;15
OUTX;12;112;65;23;13;3;8
OUTX;12;112;65;16;13;1;15
OUTX;12;112;53;20;11;2;10
OUTX;12;112;51;21;11;2;20
OUTX;12;112;58;22;15;2;17
OUTX;13;113;67;23;15;0.5;15
OUTX;13;113;60;22;15;0.5;12
OUTX;13;113;91;32;15;0.5;16
OUTX;13;113;70;23;15;0.5;17
OUTX;13;113;81;32;19;0.5;16
OUTX;13;113;65;24;15;0.5;14
OUTX;14;114;89;40;17;1;14
OUTX;14;114;69;28;13;0.5;20
OUTX;14;114;65;28;13;0.5;14
OUTX;14;114;76;23;12;0.5;13
OUTX;15;115;52;17;10;0.5;19
OUTX;15;115;58;20;13;1;16
OUTX;15;115;58;25;13;1;19
OUTX;15;115;65;23;11;2;21
OUTX;15;115;60;19;14;0.5;14
OUTX;15;115;60;23;14;0.5;17
OUTX;15;115;58;20;12;0.5;16
OUTX;16;116;66;18;12;3;11
OUTX;16;116;58;18;12;1;15
OUTX;16;116;64;20;13;1;14
OUTX;16;116;74;26;18;2;15
OUTX;16;116;71;22;12;4;14
OUTX;16;116;62;22;17;1;14
OUTX;16;116;58;18;13;2;17
OUTX;17;117;56;20;14;6;11
OUTX;17;117;56;32;11;1;16
OUTX;17;117;63;23;12;2;8
OUTX;17;117;68;30;13;0.5;17
OUTX;18;118;62;26;15;1;17
OUTX;18;118;80;28;16;0.5;16
OUTX;18;118;69;28;15;0.5;19
OUTX;18;118;70;25;14;0.5;12
OUTX;18;118;67;25;13;0.5;20
OUTX;18;118;53;22;14;0.5;15
OUTX;19;119;52;25;12;3;10
OUTX;19;119;51;19;12;2;14
OUTX;19;119;57;16;11;3;15
OUTX;19;119;55;22;14;0.5;18
OUTX;19;119;50;26;7;2;14
OUTX;20;120;66;29;14;0.5;12
OUTX;20;120;69;21;14;1;13
OUTX;20;120;56;19;13;0.5;18
OUTX;20;120;53;23;6;1;13
OUTX;20;120;51;17;10;0.5;14
OUTX;20;120;69;38;14;0.5;11
OUTX;20;120;54;31;12;1;15
OUTX;21;121;61;25;14;1;10
OUTX;21;121;61;29;13;0.5;14
OUTX;22;122;63;21;11;0.5;12
OUTX;22;122;68;28;12;0.5;13
OUTX;22;122;64;21;11;0.5;13
OUTX;22;122;75;25;15;0.5;12
OUTX;22;122;74;26;15;1;13
OUTX;22;122;63;23;13;1;12
OUTX;22;122;65;25;16;0.5;14
OUTX;23;123;57;20;11;0.5;13
OUTX;23;123;70;24;15;0.5;15
OUTX;23;123;64;23;15;0.5;18
OUTX;23;123;69;21;14;1;18
OUTX;23;123;63;24;13;1;15
OUTX;23;123;59;20;16;1;20
OUTX;24;124;73;32;16;1;15
OUTX;24;124;55;22;10;1;6
OUTX;24;124;69;25;12;0.5;13
OUTX;24;124;57;22;15;0.5;15
OUTX;24;124;67;22;13;1;15
OUTX;24;124;68;28;15;0.5;16
OUTX;25;125;54;19;11;0.5;14
OUTX;25;125;62;26;12;0.5;14
OUTX;25;125;62;23;14;0.5;16
OUTX;25;125;69;22;14;0.5;16
OUTX;26;126;67;26;11;0.5;11
OUTX;26;126;54;17;11;2;18
OUTX;26;126;51;22;12;2;16
OUTX;26;126;52;17;12;1;18
OUTX;26;126;40;8;7;3;17
OUTX;27;127;55;20;12;1;13
OUTX;27;127;58;23;14;1;26
OUTX;27;127;61;24;15;1;16
OUTX;27;127;55;20;11;0.5;13
OUTX;27;127;63;22;14;2;18
OUTX;27;127;57;21;12;3;19
OUTX;28;128;64;20;13;1;19
OUTX;28;128;52;17;15;2;18
OUTX;28;128;64;21;11;1;15
OUTX;28;128;80;31;13;0.5;14
OUTX;28;128;65;20;13;3;16
OUTX;28;128;59;20;12;1;14
OUTX;29;129;71;27;15;0.5;21
OUTX;29;129;59;22;11;2;13
OUTX;29;129;74;21;13;0.5;20
OUTX;30;130;78;24;15;1;13
OUTX;30;130;61;25;10;1;17
OUTX;30;130;57;18;10;2;13
OUTX;30;130;53;19;12;2;14
OUTX;30;130;50;20;10;1;17
OUTX;30;130;58;17;11;3;16
OUTX;31;131;59;22;12;1;16
OUTX;32;132;50;18;11;1;16
OUTX;32;132;63;24;13;1;14
OUTX;32;132;58;17;11;1;21
OUTX;32;132;62;22;11;0.5;18
OUTX;32;132;60;29;14;1;18
OUTX;33;133;57;21;13;1;18
OUTX;33;133;61;25;14;0.5;16
OUTX;33;133;56;23;13;3;11
OUTX;33;133;58;20;12;2;15
OUTX;33;133;56;21;12;1;21
OUTX;34;134;64;29;14;2;12
OUTX;34;134;45;8;8;4;9
OUTX;35;135;71;24;10;0.5;16
OUTX;35;135;61;19;12;0.5;17
OUTX;35;135;58;20;11;1;13
OUTX;36;136;63;21;12;0.5;15
OUTX;36;136;61;20;12;1;16
OUTX;36;136;62;22;11;0.5;14
OUTX;36;136;62;19;14;1;20
OUTX;36;136;64;18;11;0.5;19
OUTX;36;136;55;19;11;1;13
OUTX;36;136;63;31;9;2;13
OUTX;37;137;76;26;16;1;14
OUTX;37;137;70;23;13;0.5;19
OUTX;37;137;71;25;10;0.5;15
OUTX;37;137;72;26;14;0.5;15
OUTX;37;137;71;23;12;0.5;17
OUTX;37;137;28;10;7;2;7
OUTX;37;137;63;18;10;1;10
OUTX;39;139;58;23;14;0.5;16
OUTX;39;139;66;20;14;1;20
OUTX;39;139;61;24;12;0.5;20
OUTX;39;139;56;22;15;1;16
OUTX;39;139;57;19;11;0.5;19
OUTX;39;139;53;25;12;0.5;21
OUTX;39;139;46;18;11;0.5;13
OUTX;40;140;53;21;15;1;22
OUTX;40;140;65;25;15;0.5;16
OUTX;40;140;56;21;13;0.5;15
OUTX;40;140;49;15;10;1;15
OUTX;40;140;67;26;17;1;17
OUTX;40;140;58;21;12;0.5;18
OUTX;40;140;57;23;14;0.5;14
OUTX;41;141;56;30;10;1;6
OUTX;41;141;59;16;10;3;13
OUTX;41;141;63;20;10;1;11
OUTX;41;141;62;21;10;4;9
OUTX;41;141;55;29;13;2;19
OUTX;41;141;65;23;13;1;20
OUTX;42;142;63;19;13;1;16
OUTX;42;142;64;19;12;0.5;17
OUTX;42;142;58;28;15;1;18
OUTX;42;142;64;22;15;0.5;17
OUTX;43;143;73;42;18;1;16
OUTX;43;143;61;22;13;0.5;20
OUTX;43;143;77;25;14;0.5;17
OUTX;43;143;79;36;15;1;18
OUTX;43;143;62;29;18;0.5;17
OUTX;43;143;63;20;12;1;16
OUTX;43;143;66;22;13;1;14
OUTX;44;144;61;26;14;1;18
OUTX;44;144;67;20;11;1;12
OUTX;44;144;73;29;17;1;19
OUTX;44;144;75;25;14;0.5;17
OUTX;44;144;64;21;11;0.5;15
OUTX;46;146;65;24;13;2;17
OUTX;46;146;59;21;11;0.5;16
OUTX;46;146;66;27;16;0.5;15
OUTX;46;146;62;33;14;3;14
OUTX;46;146;24;7;8;5;6
OUTX;48;148;34;8;8;4;11
OUTX;48;148;56;24;12;0.5;15
OUTX;49;149;57;21;13;0.5;16
OUTX;49;149;54;20;10;0.5;13
OUTX;49;149;55;20;15;1;18
OUTX;49;149;67;25;14;1;18
OUTX;49;149;60;26;14;0.5;15
OUTX;49;149;45;16;11;1;17
OUTX;50;150;62;23;13;0.5;18
OUTX;50;150;61;24;14;0.5;13
OUTX;50;150;72;24;16;0.5;20
OUTX;50;150;60;21;14;1;20
OUTX;50;150;54;21;16;2;13
OUTX;51;151;67;35;17;0.5;16
OUTX;51;151;64;21;8;1;16
OUTX;51;151;77;26;15;0.5;16
OUTX;51;151;61;23;12;0.5;17
OUTX;52;152;59;21;14;1;13
OUTX;52;152;59;19;13;1;16
OUTX;52;152;62;20;12;1;13
OUTX;52;152;61;18;10;1;16
OUTX;52;152;69;18;11;1;20
OUTX;53;153;64;20;13;2;17
OUTX;53;153;39;14;9;5;10
OUTX;53;153;72;18;11;1;25
OUTX;53;153;57;20;11;2;19
OUTX;53;153;41;15;7;1;10
OUTX;53;153;53;20;11;1;19
OUTX;53;153;49;21;10;1;15
OUTX;54;154;72;25;15;1;13
OUTX;54;154;56;19;12;0.5;11
OUTX;54;154;62;23;14;1;14
OUTX;54;154;57;20;13;0.5;19
OUTX;54;154;56;22;11;0.5;14
OUTX;54;154;52;15;10;1;17
OUTX;54;154;53;15;11;1;19
OUTX;54;154;49;15;10;1;18
OUTX;54;154;68;27;15;0.5;18
OUTX;54;154;54;23;9;1;16
OUTX;54;154;57;17;11;1;18
OUTX;54;154;46;15;11;2;12
OUTX;55;155;53;21;11;3;11
OUTX;55;155;75;24;14;1;12
OUTX;55;155;69;23;14;1;16
OUTX;55;155;63;20;13;1;17
OUTX;55;155;46;14;8;1;10
OUTX;55;155;57;19;14;0.5;13
OUTX;55;155;57;18;12;1;12
OUTX;56;156;55;17;8;2;16
OUTX;56;156;59;22;13;2;16
OUTX;56;156;38;10;7;3;7
OUTX;56;156;57;19;11;1;19
OUTX;56;156;68;37;12;1;12
OUTX;57;157;57;19;11;2;15
OUTX;58;158;69;35;13;2;12
OUTX;58;158;61;18;11;1;18
OUTX;58;158;49;18;10;3;16
OUTX;59;159;73;34;11;1;18
OUTX;59;159;76;25;15;0.5;19
OUTX;59;159;62;20;12;1;15
OUTX;59;159;71;35;11;0.5;21
OUTX;59;159;72;21;14;1;17
OUTX;59;159;66;24;12;1;17
OUTX;60;160;51;18;13;1;20
OUTX;60;160;56;20;12;2;23
OUTX;60;160;66;22;16;2;19
OUTX;60;160;62;24;14;2;14
OUTX;61;161;52;26;13;3;15
OUTX;61;161;55;19;10;7;9
OUTX;61;161;63;22;13;4;9
OUTX;62;162;36;10;9;5;9
OUTX;62;162;63;25;11;2;13
OUTX;62;162;70;20;13;1;15
OUTX;62;162;62;26;14;0.5;20
OUTX;62;162;62;29;11;1;18
OUTX;62;162;54;18;12;1;15
OUTX;63;163;55;29;13;2;14
OUTX;63;163;56;16;12;1;14
OUTX;63;163;52;17;12;1;14
OUTX;63;163;52;20;11;2;11
OUTX;64;164;45;13;10;3;12
OUTX;64;164;56;22;11;1;16
OUTX;64;164;56;12;11;4;13
OUTX;64;164;55;19;10;2;15
OUTX;64;164;55;21;14;0.5;22
OUTX;64;164;53;20;11;4;12
OUTX;65;165;69;26;18;1;18
OUTX;65;165;59;16;10;2;15
OUTX;66;166;62;25;14;1;13
OUTX;66;166;71;21;12;1;12
OUTX;66;166;54;21;9;1;17
OUTX;66;166;49;17;10;1;14
OUTX;66;166;49;15;10;2;13
OUTX;66;166;49;17;10;2;15
OUTX;67;167;56;29;12;0.5;15
OUTX;67;167;66;24;13;6;10
OUTX;67;167;55;29;12;1;14
OUTX;67;167;61;21;12;1;12
OUTX;68;168;55;21;10;1;20
OUTX;68;168;61;17;12;1;19
OUTX;68;168;61;19;12;1;15
OUTX;68;168;54;20;12;3;15
OUTX;69;169;12;4;4;2;10
OUTX;69;169;27;9;5;0.5;10
OUTX;69;169;52;23;9;1;15
OUTX;69;169;22;5;5;0.5;6
OUTX;69;169;59;22;10;1;14
OUTX;70;170;65;32;13;1;12
OUTX;70;170;53;18;12;5;9
OUTX;71;171;63;21;10;1;17
OUTX;71;171;57;17;11;1;17
OUTX;71;171;45;18;10;3;9
OUTX;71;171;56;19;13;1;12
OUTX;71;171;59;18;11;1;12
OUTX;71;171;52;23;10;3;11
OUTX;72;172;62;24;9;0.5;20
OUTX;72;172;62;23;9;0.5;13
OUTX;72;172;77;25;11;0.5;20
OUTX;72;172;58;17;10;1;18
OUTX;72;172;70;18;10;1;17
OUTX;72;172;64;17;10;1;14
OUTX;73;173;64;16;14;1;18
OUTX;73;173;66;33;15;1;14
OUTX;73;173;54;20;9;1;18
OUTX;73;173;51;21;13;1;15
OUTX;100;200;63;26;15;2;12
OUTX;100;200;70;32;16;1;18
OUTX;100;200;52;24;14;1;16
OUTX;100;200;60;31;10;1;13
OUTX;100;200;50;20;12;0.5;19
OUTX;100;200;50;21;12;0.5;19
OUTX;100;200;50;22;12;0.5;13
OUTX;101;201;60;30;12;3.5;9
OUTX;101;201;55;19;12;5;10
OUTX;101;201;54;21;11;1;19
OUTX;101;201;57;29;12;1;16
OUTX;101;201;51;16;10;2;13
OUTX;101;201;45;15;8;1;13
OUTX;102;202;64;28;14;1;15
OUTX;102;202;56;21;12;1;13
OUTX;102;202;59;20;13;2;18
OUTX;102;202;47;19;12;1;16
OUTX;102;202;51;19;10;2;10
OUTX;102;202;53;23;13;2;16
OUTX;102;202;46;26;12;2;12
OUTX;103;203;57;24;13;2;13
OUTX;103;203;50;17;15;1;19
OUTX;103;203;67;27;18;2;18
OUTX;103;203;60;23;14;8;7
OUTX;103;203;56;24;8;1;12
OUTX;103;203;52;20;12;4;10
OUTX;103;203;51;20;10;3;15
OUTX;104;204;54;19;12;1;14
OUTX;104;204;54;16;12;0.5;14
OUTX;104;204;59;22;13;1;19
OUTX;104;204;56;20;15;2;16
OUTX;104;204;54;25;14;1;17
OUTX;104;204;57;24;14;1;19
OUTX;105;205;41;18;12;4;15
OUTX;105;205;40;17;11;4;9
OUTX;105;205;62;23;15;2;12
OUTX;105;205;50;17;9;2;10
OUTX;105;205;58;23;12;3;10
OUTX;105;205;47;20;10;2;15
OUTX;106;206;71;45;16;1;16
OUTX;106;206;95;34;16;0.5;15
OUTX;106;206;72;32;15;0.5;11
OUTX;106;206;65;28;13;1;14
OUTX;106;206;61;19;12;1;15
OUTX;106;206;55;20;14;0.5;13
OUTX;106;206;59;23;12;2;11
OUTX;107;207;58;22;13;1;15
OUTX;107;207;69;32;15;3;14
OUTX;107;207;61;18;14;1;11
OUTX;107;207;56;15;11;0.5;19
OUTX;107;207;68;19;14;0.5;17
OUTX;107;207;57;19;12;4;9
OUTX;107;207;55;18;12;2;11
OUTX;108;208;65;25;14;2;18
OUTX;108;208;60;23;12;1;19
OUTX;108;208;65;22;14;1;19
OUTX;108;208;65;22;15;1;16
OUTX;108;208;63;22;12;4;19
OUTX;108;208;55;21;9;5;13
OUTX;109;209;55;22;15;1;17
OUTX;109;209;69;22;14;2;9
OUTX;109;209;67;33;15;0.5;15
OUTX;109;209;54;22;11;0.5;16
OUTX;109;209;56;25;12;3;12
OUTX;110;210;62;24;13;2;18
OUTX;110;210;66;30;13;2;18
OUTX;110;210;56;22;13;1;17
OUTX;110;210;53;21;9;2;19
OUTX;110;210;59;21;15;1;16
OUTX;110;210;62;22;18;7;17
OUTX;110;210;66;19;12;1;17
OUTX;111;211;64;25;13;1;20
OUTX;111;211;55;25;14;1;18
OUTX;111;211;66;28;14;1;17
OUTX;111;211;68;30;15;1;20
OUTX;111;211;55;23;10;2;20
OUTX;111;211;40;13;7;4;18
OUTX;112;212;59;24;12;4;11
OUTX;112;212;60;20;14;2;13
OUTX;112;212;58;20;12;3;14
OUTX;112;212;63;26;12;3;11
OUTX;112;212;53;19;15;1;18
OUTX;112;212;61;22;12;4;11
OUTX;112;212;57;29;12;2;12
OUTX;113;213;61;22;12;3;17
OUTX;113;213;51;18;13;1;19
OUTX;113;213;54;23;12;4;11
OUTX;113;213;64;19;13;2;15
OUTX;113;213;55;24;15;0.5;15
OUTX;113;213;62;16;10;3;14
INBR;1;301;48;22;13;1;13
INBR;1;301;66;26;16;1;12
INBR;1;301;73;27;15;1;10
INBR;1;301;62;24;16;1;16
INBR;2;302;56;23;12;1;12
INBR;2;302;58;28;14;1;16
INBR;2;302;69;31;10;1;16
INBR;2;302;68;16;16;0.5;14
INBR;2;302;72;24;14;0.5;16
INBR;2;302;73;24;14;0.5;14
INBR;2;302;51;20;10;1;12
INBR;3;303;83;42;17;1;17
INBR;3;303;70;26;14;0.5;15
INBR;3;303;70;29;16;1;16
INBR;3;303;54;20;10;1;11
INBR;3;303;85;31;18;0.5;18
INBR;3;303;64;24;13;1;18
INBR;5;305;59;20;13;2;13
INBR;5;305;52;17;11;2;16
INBR;5;305;52;13;9;1;17
INBR;5;305;52;22;10;0.5;13
INBR;5;305;58;15;10;2;14
INBR;5;305;55;23;11;1;16
INBR;6;306;49;18;10;1;11
INBR;6;306;46;18;13;1;11
INBR;6;306;65;20;15;1;17
INBR;6;306;52;18;16;0.5;13
INBR;8;308;58;18;11;3;12
INBR;8;308;54;17;12;2;11
INBR;8;308;57;16;12;2;16
INBR;8;308;54;15;12;2;16
INBR;8;308;66;21;13;2;19
INBR;8;308;60;18;12;2;12
INBR;8;308;54;18;11;2;13
INBR;9;309;56;22;8;0.5;12
INBR;9;309;49;12;9;0.5;10
INBR;9;309;53;18;9;0.5;10
INBR;9;309;59;22;10;0.5;9
INBR;9;309;65;22;12;0.5;11
INBR;9;309;50;15;9;0.5;13
INBR;9;309;56;19;13;0.5;9
INBR;10;310;52;16;10;0.5;19
INBR;10;310;49;14;11;0.5;18
INBR;10;310;45;15;11;1;14
INBR;10;310;65;19;14;0.5;15
INBR;11;311;44;12;9;0.5;11
INBR;11;311;44;18;8;0.5;11
INBR;11;311;58;20;12;0.5;11
INBR;11;311;57;15;10;1;11
INBR;13;313;67;32;12;0.5;16
INBR;13;313;65;28;12;1;13
INBR;13;313;75;30;20;1;16
INBR;13;313;68;25;14;1;19
INBR;13;313;69;22;16;1;17
INBR;14;314;57;18;14;6;8
INBR;14;314;63;18;12;6;9
INBR;14;314;56;18;13;5;9
INBR;14;314;53;17;11;4;9
INBR;14;314;59;23;14;8;8
INBR;15;315;52;17;12;1;14
INBR;15;315;55;19;11;0.5;11
INBR;15;315;63;18;11;1;14
INBR;15;315;48;18;12;1;14
INBR;15;315;64;22;12;1;14
INBR;15;315;56;19;12;1;11
INBR;15;315;54;19;12;1;13
INBR;16;316;58;15;9;3;7
INBR;16;316;55;22;12;1;10
INBR;16;316;56;17;10;1;9
INBR;16;316;61;14;10;2;10
INBR;16;316;70;20;11;1;10
INBR;16;316;52;15;11;3;13
INBR;16;316;54;20;11;3;11
INBR;17;317;58;24;11;1;14
INBR;17;317;57;22;13;0.5;15
INBR;17;317;65;24;13;1;16
INBR;17;317;58;23;12;1;18
INBR;17;317;62;23;13;0.5;13
INBR;17;317;65;25;14;0.5;13
INBR;18;318;50;19;12;0.5;13
INBR;18;318;53;22;13;0.5;15
INBR;18;318;51;19;12;1;11
INBR;18;318;58;22;12;1;14
INBR;18;318;45;17;11;0.5;16
INBR;19;319;60;18;13;0.5;16
INBR;19;319;59;34;14;1;12
INBR;19;319;61;30;12;0.5;11
INBR;19;319;67;34;14;2;10
INBR;19;319;56;20;13;1;15
INBR;20;320;58;26;15;1;15
INBR;20;320;68;26;16;2;10
INBR;20;320;68;24;14;1;14
INBR;20;320;65;27;16;2;12
INBR;20;320;66;25;16;1;15
INBR;20;320;62;22;13;1;14
INBR;20;320;69;26;14;2;17
INBR;21;321;47;15;12;1;10
INBR;21;321;55;22;13;1;12
INBR;21;321;60;22;13;0.5;11
INBR;21;321;54;20;11;1;12
INBR;23;323;73;26;18;1;12
INBR;23;323;59;24;16;1;17
INBR;23;323;54;17;15;0.5;17
INBR;23;323;56;24;13;0.5;15
INBR;23;323;53;20;15;1;14
INBR;23;323;60;35;18;1;18
INBR;24;324;68;26;15;1;16
INBR;24;324;57;20;15;0.5;18
INBR;24;324;63;35;9;0.5;18
INBR;24;324;49;18;10;0.5;15
INBR;24;324;42;18;9;0.5;12
INBR;24;324;56;22;12;0.5;12
INBR;24;324;68;29;14;0.5;18
INBR;25;325;54;16;12;1;16
INBR;25;325;59;19;17;1;21
INBR;25;325;36;14;9;1;15
INBR;26;326;61;23;15;3;10
INBR;26;326;63;20;12;1;14
INBR;26;326;59;30;12;0.5;12
INBR;26;326;59;29;11;1;10
INBR;26;326;58;24;9;2;13
INBR;27;327;59;17;11;5;9
INBR;27;327;62;16;13;6;10
INBR;27;327;58;16;11;5;11
INBR;27;327;56;13;11;5;8
INBR;27;327;53;15;9;4;11
INBR;27;327;59;19;11;5;12
INBR;27;327;61;12;9;6;11
INBR;28;328;33;7;9;5;8
INBR;28;328;62;24;14;2;13
INBR;28;328;50;14;12;4;8
INBR;28;328;48;12;10;6;7
INBR;29;329;46;27;15;1;16
INBR;29;329;64;25;17;1;13
INBR;29;329;51;20;14;0.5;11
INBR;29;329;48;21;11;0.5;15
INBR;29;329;56;24;15;0.5;21
INBR;29;329;55;24;15;1;15
INBR;29;329;54;23;15;0.5;13
INBR;30;330;51;20;11;2;10
INBR;30;330;51;24;8;2;13
INBR;30;330;60;25;12;0.5;13
INBR;30;330;53;21;10;2;12
INBR;30;330;55;24;11;1;13
INBR;30;330;58;16;12;2;12
INBR;31;331;53;26;11;1;17
INBR;31;331;57;18;11;0.5;15
INBR;31;331;60;20;11;0.5;17
INBR;31;331;59;24;11;1;14
INBR;31;331;56;19;12;1;12
INBR;31;331;58;25;11;0.5;16
INBR;31;331;58;31;10;1;19
INBR;32;332;47;20;11;1;21
INBR;32;332;16;3;4;2;5
INBR;32;332;61;22;15;0.5;22
INBR;32;332;55;22;13;0.5;17
INBR;32;332;61;21;15;1;25
INBR;33;333;64;25;13;2;7
INBR;33;333;71;20;15;1;7
INBR;33;333;58;16;13;1;9
INBR;33;333;57;14;11;1;11
INBR;33;333;67;15;12;1;7
INBR;34;334;61;28;19;1;17
INBR;34;334;52;20;12;1;18
INBR;34;334;46;13;10;0.5;14
INBR;34;334;40;16;9;1;17
INBR;34;334;45;18;10;1;17
INBR;34;334;41;20;12;1;17
INBR;34;334;45;14;9;1;16
INBR;35;335;44;16;9;1;18
INBR;35;335;54;9;11;3;19
INBR;35;335;47;19;13;1;17
INBR;35;335;52;19;12;1;17
INBR;36;336;59;24;13;1;14
INBR;36;336;64;17;11;0.5;16
INBR;36;336;58;15;12;1;17
INBR;36;336;54;15;12;1;12
INBR;36;336;65;17;14;1;18
INBR;36;336;69;14;12;1;16
INBR;37;337;60;18;13;1;12
INBR;38;338;57;21;13;2;15
INBR;38;338;59;22;12;1;21
INBR;38;338;47;18;11;1;18
INBR;38;338;55;19;12;1;17
INBR;38;338;57;20;11;1;20
INBR;38;338;56;21;11;1;22
INBR;38;338;45;20;10;1;15
INBR;39;339;56;21;13;1;17
INBR;39;339;44;9;6;3;5
INBR;39;339;45;10;9;3;11
INBR;39;339;39;12;8;3;8
INBR;39;339;40;10;10;3;9
INBR;39;339;46;18;10;2;14
INBR;39;339;41;10;12;4;10
INBR;40;340;57;30;14;1;20
INBR;40;340;50;24;14;1;21
INBR;40;340;54;26;12;1;14
INBR;40;340;51;10;8;1;13
INBR;40;340;45;22;10;1;16
INBR;40;340;57;25;17;1;18
INBR;40;340;63;22;16;1;17
INBR;41;341;66;27;11;0.5;13
INBR;41;341;69;25;12;0.5;11
INBR;41;341;69;28;10;0.5;12
INBR;41;341;69;22;10;0.5;12
INBR;41;341;54;23;11;1;9
INBR;41;341;73;32;15;0.5;14
INBR;41;341;68;26;15;0.5;14
INBR;42;342;63;21;13;0.5;11
INBR;42;342;70;17;12;2;11
INBR;42;342;53;17;8;0.5;12
INBR;42;342;56;19;11;0.5;17
INBR;42;342;52;16;8;1;14
INBR;42;342;60;23;8;1;10
INBR;42;342;57;15;9;3;13
INBR;43;343;45;15;9;0.5;15
INBR;43;343;55;29;12;0.5;16
INBR;43;343;53;17;12;0.5;17
INBR;43;343;51;18;12;1;15
INBR;43;343;50;15;11;0.5;16
INBR;45;345;53;18;13;1;15
INBR;45;345;46;16;13;1;16
INBR;45;345;50;19;14;1;14
INBR;45;345;43;16;11;2;14
INBR;45;345;49;16;14;1;18
INBR;45;345;50;17;15;2;15
INBR;45;345;71;24;10;0.5;19
INBR;45;345;69;25;12;0.5;20
INBR;45;345;75;40;15;0.5;20
INBR;45;345;56;20;12;0.5;16
INBR;45;345;78;24;16;0.5;18
INBR;45;345;74;25;18;0.5;18
INBR;45;345;57;23;10;1;14
INBR;46;346;52;14;10;3;11
INBR;46;346;48;15;10;3;11
INBR;46;346;44;13;10;2;12
INBR;46;346;47;12;10;2;11
INBR;48;348;66;15;12;1;17
INBR;48;348;73;30;16;1;9
INBR;48;348;66;17;12;0.5;15
INBR;48;348;59;13;11;4;12
INBR;48;348;72;17;15;1;13
INBR;48;348;63;15;14;2;12
INBR;49;349;51;26;10;1;16
INBR;49;349;60;17;13;1;14
INBR;49;349;52;15;9;1;12
INBR;49;349;53;17;10;0.5;13
INBR;49;349;60;16;12;2;8
INBR;50;350;56;17;11;2;21
INBR;50;350;53;20;14;2;22
INBR;50;350;66;15;13;2;12
INBR;50;350;63;23;16;2;19
INBR;50;350;62;20;13;1;15
INBR;50;350;59;23;14;3;15
INBR;51;351;56;15;11;1;9
INBR;51;351;61;20;17;0.5;17
INBR;51;351;60;18;7;1;17
INBR;51;351;66;20;13;0.5;13
INBR;51;351;59;18;14;0.5;13
INBR;51;351;56;30;18;1;19
INBR;51;351;54;29;17;1;14
INBR;52;352;53;20;10;0.5;15
INBR;52;352;40;18;10;1;11
INBR;52;352;46;19;7;1;10
INBR;52;352;45;18;8;0.5;11
INBR;52;352;44;17;8;0.5;13
INBR;52;352;51;24;9;1;12
INBR;53;353;54;20;10;0.5;16
INBR;53;353;56;21;11;0.5;14
INBR;53;353;60;18;10;0.5;9
INBR;53;353;58;17;11;0.5;15
INBR;53;353;58;21;16;0.5;16
INBR;53;353;66;26;15;1;12
INBR;53;353;63;24;15;0.5;13
INBR;55;355;54;13;9;2;11
INBR;55;355;50;11;8;3;14
INBR;55;355;52;11;8;3;12
INBR;55;355;53;15;11;4;10
INBR;55;355;47;12;9;2;10
INBR;55;355;51;14;9;2;12
INBR;55;355;51;13;8;5;13
INBR;56;356;74;25;17;1;15
INBR;56;356;71;24;16;1;16
INBR;56;356;66;19;15;2;19
INBR;56;356;55;20;12;0.5;15
INBR;56;356;60;16;14;1;21
INBR;57;357;55;17;10;1;13
INBR;57;357;68;17;13;1;16
INBR;57;357;60;18;10;0.5;16
INBR;57;357;56;16;9;0.5;11
INBR;57;357;64;21;12;0.5;13
INBR;59;359;64;21;12;2;15
INBR;59;359;65;19;12;2;13
INBR;59;359;58;15;9;1;14
INBR;59;359;57;22;10;1;12
INBR;59;359;57;17;9;1;16
INBR;59;359;52;18;8;1;15
INBR;60;360;21;7;4;3;2
INBR;60;360;17;6;3;2;3
INBR;60;360;55;22;11;3;9
INBR;60;360;58;23;12;3;9
INBR;60;360;50;18;10;3;13
INBR;60;360;57;22;10;3;11
INBR;61;361;42;10;10;7;6
INBR;61;361;37;12;8;4;7
INBR;61;361;41;11;10;5;8
INBR;61;361;37;15;9;5;8
INBR;62;362;71;33;16;1;22
INBR;62;362;22;5;1;0.5;5
INBR;62;362;58;23;11;1;21
INBR;62;362;51;13;8;2;11
INBR;62;362;55;18;11;1;16
INBR;62;362;63;21;12;1;17
INBR;62;362;54;26;12;2;16
INBR;63;363;63;23;14;1;13
INBR;63;363;61;20;14;1;16
INBR;63;363;49;16;10;1;17
INBR;63;363;51;19;9;1;14
INBR;63;363;49;14;11;2;18
INBR;63;363;68;22;13;1;16
INBR;63;363;50;18;12;2;19
INBR;64;364;45;15;10;1;12
INBR;64;364;52;19;10;1;12
INBR;64;364;61;18;15;1;10
INBR;64;364;53;18;12;1;12
INBR;64;364;56;20;12;1;11
INBR;64;364;57;20;14;2;10
INBR;64;364;61;29;11;2;12
INBR;65;365;55;20;10;2;7
INBR;65;365;65;23;13;1;10
INBR;65;365;52;27;10;1;9
INBR;65;365;58;20;11;1;8
INBR;65;365;69;28;12;2;11
INBR;65;365;70;22;13;2;9
INBR;65;365;71;29;14;3;11
INBR;66;366;56;20;13;0.5;22
INBR;66;366;56;24;13;0.5;12
INBR;66;366;63;22;12;0.5;17
INBR;66;366;64;22;13;1;24
INBR;66;366;59;23;13;0.5;12
INBR;66;366;58;24;11;0.5;20
INBR;66;366;63;22;11;1;12
INBR;67;367;52;14;13;2;9
INBR;67;367;45;14;11;1;10
INBR;67;367;50;26;14;1;12
INBR;67;367;41;13;9;1;11
INBR;67;367;45;12;11;0.5;13
INBR;67;367;50;26;13;1;10
INBR;67;367;41;15;10;2;12
INBR;68;368;71;28;20;0.5;19
INBR;68;368;67;27;16;0.5;20
INBR;68;368;58;25;14;0.5;22
INBR;68;368;58;25;16;0.5;15
INBR;68;368;61;25;15;0.5;19
INBR;68;368;59;26;11;0.5;16
INBR;68;368;58;26;15;0.5;22
INBR;69;369;60;24;15;1;15
INBR;69;369;48;18;12;0.5;16
INBR;69;369;48;16;12;0.5;12
INBR;69;369;49;12;11;0.5;17
INBR;69;369;40;14;10;0.5;13
INBR;69;369;44;18;10;0.5;14
INBR;70;370;56;24;12;2;20
INBR;70;370;58;20;12;2;18
INBR;70;370;53;15;12;1;13
INBR;70;370;50;15;11;1;14
INBR;71;371;55;16;12;1;18
INBR;71;371;52;22;11;1;11
INBR;71;371;54;22;11;1;15
INBR;71;371;54;20;9;1;12
INBR;71;371;47;14;9;1;13
INBR;71;371;43;28;8;1;15
INBR;72;372;49;14;9;1;14
INBR;72;372;57;22;13;1;20
INBR;72;372;62;22;10;1;17
INBR;72;372;61;23;12;1;19
INBR;72;372;63;24;11;1;13
INBR;72;372;48;19;9;2;12
INBR;72;372;50;18;12;1;9
INBR;73;373;60;22;9;0.5;12
INBR;73;373;60;23;11;0.5;14
INBR;73;373;58;20;10;0.5;12
INBR;73;373;58;21;10;0.5;8
INBR;73;373;54;20;7;0.5;10
INBR;73;373;61;21;7;0.5;10
INBR;73;373;43;16;7;0.5;12
INBR;75;375;45;12;9;0.5;16
INBR;75;375;49;16;10;0.5;13
INBR;75;375;46;16;8;0.5;14
INBR;76;376;45;15;7;1;12
INBR;76;376;39;13;8;1;14
INBR;76;376;41;16;7;2;7
INBR;76;376;42;9;9;5;9
INBR;76;376;40;10;9;4;10
INBR;77;377;64;24;12;2;12
INBR;77;377;70;22;13;0.5;20
INBR;77;377;62;18;11;0.5;14
INBR;77;377;61;18;12;0.5;20
INBR;77;377;62;19;13;0.5;20
INBR;77;377;57;16;11;0.5;17
INBR;78;378;60;19;10;0.5;15
INBR;78;378;68;18;9;0.5;7
INBR;78;378;53;17;9;0.5;12
INBR;78;378;59;22;10;0.5;10
INBR;78;378;53;17;11;0.5;12
INBR;78;378;48;16;9;0.5;9
INBR;78;378;54;15;7;0.5;11
INBR;79;379;74;25;15;1;15
INBR;79;379;60;21;13;1;12
INBR;79;379;65;24;13;1;13
INBR;79;379;72;39;13;1;11
INBR;79;379;55;19;9;1;13
INBR;79;379;62;22;11;1;11
INBR;79;379;62;19;10;2;5
